Date,Adj Close
09-11-2015,16.52
10-11-2015,15.29
11-11-2015,16.059999
12-11-2015,18.370001
13-11-2015,20.08
16-11-2015,18.16
17-11-2015,18.84
18-11-2015,16.85
19-11-2015,16.99
20-11-2015,15.47
23-11-2015,15.62
24-11-2015,15.93
25-11-2015,15.19
27-11-2015,15.12
30-11-2015,16.129999
01-12-2015,14.67
02-12-2015,15.91
03-12-2015,18.110001
04-12-2015,14.81
07-12-2015,15.84
08-12-2015,17.6
09-12-2015,19.610001
10-12-2015,19.34
11-12-2015,24.389999
14-12-2015,22.73
15-12-2015,20.950001
16-12-2015,17.860001
17-12-2015,18.940001
18-12-2015,20.700001
21-12-2015,18.700001
22-12-2015,16.6
23-12-2015,15.57
24-12-2015,15.74
28-12-2015,16.91
29-12-2015,16.08
30-12-2015,17.290001
31-12-2015,18.209999
04-01-2016,20.700001
05-01-2016,19.34
06-01-2016,20.59
07-01-2016,24.99
08-01-2016,27.01
11-01-2016,24.299999
12-01-2016,22.469999
13-01-2016,25.219999
14-01-2016,23.950001
15-01-2016,27.02
19-01-2016,26.049999
20-01-2016,27.59
21-01-2016,26.690001
22-01-2016,22.34
25-01-2016,24.15
26-01-2016,22.5
27-01-2016,23.110001
28-01-2016,22.42
29-01-2016,20.200001
01-02-2016,19.98
02-02-2016,21.98
03-02-2016,21.65
04-02-2016,21.84
05-02-2016,23.379999
08-02-2016,26
09-02-2016,26.540001
10-02-2016,26.290001
11-02-2016,28.139999
12-02-2016,25.4
16-02-2016,24.110001
17-02-2016,22.309999
18-02-2016,21.639999
19-02-2016,20.530001
22-02-2016,19.379999
23-02-2016,20.98
24-02-2016,20.719999
25-02-2016,19.110001
26-02-2016,19.809999
29-02-2016,20.549999
01-03-2016,17.700001
02-03-2016,17.09
03-03-2016,16.700001
04-03-2016,16.860001
07-03-2016,17.35
08-03-2016,18.67
09-03-2016,18.34
10-03-2016,18.049999
11-03-2016,16.5
14-03-2016,16.92
15-03-2016,16.84
16-03-2016,14.99
17-03-2016,14.44
18-03-2016,14.02
21-03-2016,13.79
22-03-2016,14.17
23-03-2016,14.94
24-03-2016,14.74
28-03-2016,15.24
29-03-2016,13.82
30-03-2016,13.56
31-03-2016,13.95
01-04-2016,13.1
04-04-2016,14.12
05-04-2016,15.42
06-04-2016,14.09
07-04-2016,16.16
08-04-2016,15.36
11-04-2016,16.26
12-04-2016,14.85
13-04-2016,13.84
14-04-2016,13.72
15-04-2016,13.62
18-04-2016,13.35
19-04-2016,13.24
20-04-2016,13.28
21-04-2016,13.95
22-04-2016,13.22
25-04-2016,14.08
26-04-2016,13.96
27-04-2016,13.77
28-04-2016,15.22
29-04-2016,15.7
02-05-2016,14.68
03-05-2016,15.6
04-05-2016,16.049999
05-05-2016,15.91
06-05-2016,14.72
09-05-2016,14.57
10-05-2016,13.63
11-05-2016,14.69
12-05-2016,14.41
13-05-2016,15.04
16-05-2016,14.68
17-05-2016,15.57
18-05-2016,15.95
19-05-2016,16.33
20-05-2016,15.2
23-05-2016,15.82
24-05-2016,14.42
25-05-2016,13.9
26-05-2016,13.43
27-05-2016,13.12
31-05-2016,14.19
01-06-2016,14.2
02-06-2016,13.63
03-06-2016,13.47
06-06-2016,13.65
07-06-2016,14.05
08-06-2016,14.08
09-06-2016,14.64
10-06-2016,17.030001
13-06-2016,20.969999
14-06-2016,20.5
15-06-2016,20.139999
16-06-2016,19.370001
17-06-2016,19.41
20-06-2016,18.370001
21-06-2016,18.48
22-06-2016,21.17
23-06-2016,17.25
24-06-2016,25.76
27-06-2016,23.85
28-06-2016,18.75
29-06-2016,16.639999
30-06-2016,15.63
01-07-2016,14.77
05-07-2016,15.58
06-07-2016,14.96
07-07-2016,14.76
08-07-2016,13.2
11-07-2016,13.54
12-07-2016,13.55
13-07-2016,13.04
14-07-2016,12.82
15-07-2016,12.67
18-07-2016,12.44
19-07-2016,11.97
20-07-2016,11.77
21-07-2016,12.74
22-07-2016,12.02
25-07-2016,12.87
26-07-2016,13.05
27-07-2016,12.83
28-07-2016,12.72
29-07-2016,11.87
01-08-2016,12.44
02-08-2016,13.37
03-08-2016,12.86
04-08-2016,12.42
05-08-2016,11.39
08-08-2016,11.5
09-08-2016,11.66
10-08-2016,12.05
11-08-2016,11.68
12-08-2016,11.55
15-08-2016,11.81
16-08-2016,12.64
17-08-2016,12.19
18-08-2016,11.43
19-08-2016,11.34
22-08-2016,12.27
23-08-2016,12.38
24-08-2016,13.45
25-08-2016,13.63
26-08-2016,13.65
29-08-2016,12.94
30-08-2016,13.12
31-08-2016,13.42
01-09-2016,13.48
02-09-2016,11.98
06-09-2016,12.02
07-09-2016,11.94
08-09-2016,12.51
09-09-2016,17.5
12-09-2016,15.16
13-09-2016,17.85
14-09-2016,18.139999
15-09-2016,16.299999
16-09-2016,15.37
19-09-2016,15.53
20-09-2016,15.92
21-09-2016,13.3
22-09-2016,12.02
23-09-2016,12.29
26-09-2016,14.5
27-09-2016,13.1
28-09-2016,12.39
29-09-2016,14.02
30-09-2016,13.29
03-10-2016,13.57
04-10-2016,13.63
05-10-2016,12.99
06-10-2016,12.84
07-10-2016,13.48
10-10-2016,13.38
11-10-2016,15.36
12-10-2016,15.91
13-10-2016,16.690001
14-10-2016,16.120001
17-10-2016,16.209999
18-10-2016,15.28
19-10-2016,14.41
20-10-2016,13.75
21-10-2016,13.34
24-10-2016,13.02
25-10-2016,13.46
26-10-2016,14.24
27-10-2016,15.36
28-10-2016,16.190001
31-10-2016,17.059999
01-11-2016,18.559999
02-11-2016,19.32
03-11-2016,22.08
04-11-2016,22.51
07-11-2016,18.709999
08-11-2016,18.74
09-11-2016,14.38
10-11-2016,14.74
11-11-2016,14.17
14-11-2016,14.48
15-11-2016,13.37
16-11-2016,13.72
17-11-2016,13.35
18-11-2016,12.85
21-11-2016,12.42
22-11-2016,12.41
23-11-2016,12.43
25-11-2016,12.34
28-11-2016,13.15
29-11-2016,12.9
30-11-2016,13.33
01-12-2016,14.07
02-12-2016,14.12
05-12-2016,12.14
06-12-2016,11.79
07-12-2016,12.22
08-12-2016,12.64
09-12-2016,11.75
12-12-2016,12.64
13-12-2016,12.72
14-12-2016,13.19
15-12-2016,12.79
16-12-2016,12.2
19-12-2016,11.71
20-12-2016,11.45
21-12-2016,11.27
22-12-2016,11.43
23-12-2016,11.44
27-12-2016,11.99
28-12-2016,12.95
29-12-2016,13.37
30-12-2016,14.04
03-01-2017,12.85
04-01-2017,11.85
05-01-2017,11.67
06-01-2017,11.32
09-01-2017,11.56
10-01-2017,11.49
11-01-2017,11.26
12-01-2017,11.54
13-01-2017,11.23
17-01-2017,11.87
18-01-2017,12.48
19-01-2017,12.78
20-01-2017,11.54
23-01-2017,11.77
24-01-2017,11.07
25-01-2017,10.81
26-01-2017,10.63
27-01-2017,10.58
30-01-2017,11.88
31-01-2017,11.99
01-02-2017,11.81
02-02-2017,11.93
03-02-2017,10.97
06-02-2017,11.37
07-02-2017,11.29
08-02-2017,11.45
09-02-2017,10.88
10-02-2017,10.85
13-02-2017,11.07
14-02-2017,10.74
15-02-2017,11.97
16-02-2017,11.76
17-02-2017,11.49
21-02-2017,11.57
22-02-2017,11.74
23-02-2017,11.71
24-02-2017,11.47
27-02-2017,12.09
28-02-2017,12.92
01-03-2017,12.54
02-03-2017,11.81
03-03-2017,10.96
06-03-2017,11.24
07-03-2017,11.45
08-03-2017,11.86
09-03-2017,12.3
10-03-2017,11.66
13-03-2017,11.35
14-03-2017,12.3
15-03-2017,11.63
16-03-2017,11.21
17-03-2017,11.28
20-03-2017,11.34
21-03-2017,12.47
22-03-2017,12.81
23-03-2017,13.12
24-03-2017,12.96
27-03-2017,12.5
28-03-2017,11.53
29-03-2017,11.42
30-03-2017,11.54
31-03-2017,12.37
03-04-2017,12.38
04-04-2017,11.79
05-04-2017,12.89
06-04-2017,12.39
07-04-2017,12.87
10-04-2017,14.05
11-04-2017,15.07
12-04-2017,15.77
13-04-2017,15.96
17-04-2017,14.66
18-04-2017,14.42
19-04-2017,14.93
20-04-2017,14.15
21-04-2017,14.63
24-04-2017,10.84
25-04-2017,10.76
26-04-2017,10.85
27-04-2017,10.36
28-04-2017,10.82
01-05-2017,10.11
02-05-2017,10.59
03-05-2017,10.68
04-05-2017,10.46
05-05-2017,10.57
08-05-2017,9.77
09-05-2017,9.96
10-05-2017,10.21
11-05-2017,10.6
12-05-2017,10.4
15-05-2017,10.42
16-05-2017,10.65
17-05-2017,15.59
18-05-2017,14.66
19-05-2017,12.04
22-05-2017,10.93
23-05-2017,10.72
24-05-2017,10.02
25-05-2017,9.99
26-05-2017,9.81
30-05-2017,10.38
31-05-2017,10.41
01-06-2017,9.89
02-06-2017,9.75
05-06-2017,10.07
06-06-2017,10.45
07-06-2017,10.39
08-06-2017,10.16
09-06-2017,10.7
12-06-2017,11.46
13-06-2017,10.42
14-06-2017,10.64
15-06-2017,10.9
16-06-2017,10.38
19-06-2017,10.37
20-06-2017,10.86
21-06-2017,10.75
22-06-2017,10.48
23-06-2017,10.02
26-06-2017,9.9
27-06-2017,11.06
28-06-2017,10.03
29-06-2017,11.44
30-06-2017,11.18
03-07-2017,11.22
05-07-2017,11.07
06-07-2017,12.54
07-07-2017,11.19
10-07-2017,11.11
11-07-2017,10.89
12-07-2017,10.3
13-07-2017,9.9
14-07-2017,9.51
17-07-2017,9.82
18-07-2017,9.89
19-07-2017,9.79
20-07-2017,9.58
21-07-2017,9.36
24-07-2017,9.43
25-07-2017,9.43
26-07-2017,9.6
27-07-2017,10.11
28-07-2017,10.29
31-07-2017,10.26
01-08-2017,10.09
02-08-2017,10.28
03-08-2017,10.44
04-08-2017,10.03
07-08-2017,9.93
08-08-2017,10.96
09-08-2017,11.11
10-08-2017,16.040001
11-08-2017,15.51
14-08-2017,12.33
15-08-2017,12.04
16-08-2017,11.74
17-08-2017,15.55
18-08-2017,14.26
21-08-2017,13.19
22-08-2017,11.35
23-08-2017,12.25
24-08-2017,12.23
25-08-2017,11.28
28-08-2017,11.32
29-08-2017,11.7
30-08-2017,11.22
31-08-2017,10.59
01-09-2017,10.13
05-09-2017,12.23
06-09-2017,11.63
07-09-2017,11.55
08-09-2017,12.12
11-09-2017,10.73
12-09-2017,10.58
13-09-2017,10.5
14-09-2017,10.44
15-09-2017,10.17
18-09-2017,10.15
19-09-2017,10.18
20-09-2017,9.78
21-09-2017,9.67
22-09-2017,9.59
25-09-2017,10.21
26-09-2017,10.17
27-09-2017,9.87
28-09-2017,9.55
29-09-2017,9.51
02-10-2017,9.45
03-10-2017,9.51
04-10-2017,9.63
05-10-2017,9.19
06-10-2017,9.65
09-10-2017,10.33
10-10-2017,10.08
11-10-2017,9.85
12-10-2017,9.91
13-10-2017,9.61
16-10-2017,9.91
17-10-2017,10.31
18-10-2017,10.07
19-10-2017,10.05
20-10-2017,9.97
23-10-2017,11.07
24-10-2017,11.16
25-10-2017,11.23
26-10-2017,11.3
27-10-2017,9.8
30-10-2017,10.5
31-10-2017,10.18
01-11-2017,10.2
02-11-2017,9.93
03-11-2017,9.14
06-11-2017,9.4
07-11-2017,9.89
08-11-2017,9.78
09-11-2017,10.5
10-11-2017,11.29
13-11-2017,11.5
14-11-2017,11.59
15-11-2017,13.13
16-11-2017,11.76
17-11-2017,11.43
20-11-2017,10.65
21-11-2017,9.73
22-11-2017,9.88
24-11-2017,9.67
27-11-2017,9.87
28-11-2017,10.03
29-11-2017,10.7
30-11-2017,11.28
01-12-2017,11.43
04-12-2017,11.68
05-12-2017,11.33
06-12-2017,11.02
07-12-2017,10.16
08-12-2017,9.58
11-12-2017,9.34
12-12-2017,9.92
13-12-2017,10.18
14-12-2017,10.49
15-12-2017,9.42
18-12-2017,9.53
19-12-2017,10.03
20-12-2017,9.72
21-12-2017,9.62
22-12-2017,9.9
26-12-2017,10.25
27-12-2017,10.47
28-12-2017,10.18
29-12-2017,11.04
02-01-2018,9.77
03-01-2018,9.15
04-01-2018,9.22
05-01-2018,9.22
08-01-2018,9.52
09-01-2018,10.08
10-01-2018,9.82
11-01-2018,9.88
12-01-2018,10.16
16-01-2018,11.66
17-01-2018,11.91
18-01-2018,12.22
19-01-2018,11.27
22-01-2018,11.03
23-01-2018,11.1
24-01-2018,11.47
25-01-2018,11.58
26-01-2018,11.08
29-01-2018,13.84
30-01-2018,14.79
31-01-2018,13.54
01-02-2018,13.47
02-02-2018,17.309999
05-02-2018,37.32
06-02-2018,29.98
07-02-2018,27.73
08-02-2018,33.459999
09-02-2018,29.059999
12-02-2018,25.610001
13-02-2018,24.969999
14-02-2018,19.26
15-02-2018,19.129999
16-02-2018,19.459999
20-02-2018,20.6
21-02-2018,20.02
22-02-2018,18.719999
23-02-2018,16.49
26-02-2018,15.8
27-02-2018,18.59
28-02-2018,19.85
01-03-2018,22.469999
02-03-2018,19.59
05-03-2018,18.73
06-03-2018,18.360001
07-03-2018,17.76
08-03-2018,16.540001
09-03-2018,14.64
12-03-2018,15.78
13-03-2018,16.35
14-03-2018,17.23
15-03-2018,16.59
16-03-2018,15.8
19-03-2018,19.02
20-03-2018,18.200001
21-03-2018,17.860001
22-03-2018,23.34
23-03-2018,24.870001
26-03-2018,21.030001
27-03-2018,22.5
28-03-2018,22.870001
29-03-2018,19.969999
02-04-2018,23.620001
03-04-2018,21.1
04-04-2018,20.059999
05-04-2018,18.940001
06-04-2018,21.49
09-04-2018,21.77
10-04-2018,20.469999
11-04-2018,20.24
12-04-2018,18.49
13-04-2018,17.41
16-04-2018,16.559999
17-04-2018,15.25
18-04-2018,15.6
19-04-2018,15.96
20-04-2018,16.879999
23-04-2018,16.34
24-04-2018,18.02
25-04-2018,17.84
26-04-2018,16.24
27-04-2018,15.41
30-04-2018,15.93
01-05-2018,15.49
02-05-2018,15.97
03-05-2018,15.9
04-05-2018,14.77
07-05-2018,14.75
08-05-2018,14.71
09-05-2018,13.42
10-05-2018,13.23
11-05-2018,12.65
14-05-2018,12.93
15-05-2018,14.63
16-05-2018,13.42
17-05-2018,13.43
18-05-2018,13.42
21-05-2018,13.08
22-05-2018,13.22
23-05-2018,12.58
24-05-2018,12.53
25-05-2018,13.22
29-05-2018,17.02
30-05-2018,14.94
31-05-2018,15.43
01-06-2018,13.46
04-06-2018,12.74
05-06-2018,12.4
06-06-2018,11.64
07-06-2018,12.13
08-06-2018,12.18
11-06-2018,12.35
12-06-2018,12.34
13-06-2018,12.94
14-06-2018,12.12
15-06-2018,11.98
18-06-2018,12.31
19-06-2018,13.35
20-06-2018,12.79
21-06-2018,14.64
22-06-2018,13.77
25-06-2018,17.33
26-06-2018,15.92
27-06-2018,17.91
28-06-2018,16.85
29-06-2018,16.09
02-07-2018,15.6
03-07-2018,16.139999
05-07-2018,14.97
06-07-2018,13.37
09-07-2018,12.69
10-07-2018,12.64
11-07-2018,13.63
12-07-2018,12.58
13-07-2018,12.18
16-07-2018,12.83
17-07-2018,12.06
18-07-2018,12.1
19-07-2018,12.87
20-07-2018,12.86
23-07-2018,12.62
24-07-2018,12.41
25-07-2018,12.29
26-07-2018,12.14
27-07-2018,13.03
30-07-2018,14.26
31-07-2018,12.83
01-08-2018,13.15
02-08-2018,12.19
03-08-2018,11.64
06-08-2018,11.27
07-08-2018,10.93
08-08-2018,10.85
09-08-2018,11.27
10-08-2018,13.16
13-08-2018,14.78
14-08-2018,13.31
15-08-2018,14.64
16-08-2018,13.45
17-08-2018,12.64
20-08-2018,12.49
21-08-2018,12.86
22-08-2018,12.25
23-08-2018,12.41
24-08-2018,11.99
27-08-2018,12.16
28-08-2018,12.5
29-08-2018,12.25
30-08-2018,13.53
31-08-2018,12.86
04-09-2018,13.16
05-09-2018,13.91
06-09-2018,14.65
07-09-2018,14.88
10-09-2018,14.16
11-09-2018,13.22
12-09-2018,13.14
13-09-2018,12.37
14-09-2018,12.07
17-09-2018,13.68
18-09-2018,12.79
19-09-2018,11.75
20-09-2018,11.8
21-09-2018,11.68
24-09-2018,12.2
25-09-2018,12.42
26-09-2018,12.89
27-09-2018,12.41
28-09-2018,12.12
01-10-2018,12
02-10-2018,12.05
03-10-2018,11.61
04-10-2018,14.22
05-10-2018,14.82
08-10-2018,15.69
09-10-2018,15.95
10-10-2018,22.959999
11-10-2018,24.98
12-10-2018,21.309999
15-10-2018,21.299999
16-10-2018,17.620001
17-10-2018,17.4
18-10-2018,20.059999
19-10-2018,19.889999
22-10-2018,19.639999
23-10-2018,20.709999
24-10-2018,25.23
25-10-2018,24.219999
26-10-2018,24.16
29-10-2018,24.700001
30-10-2018,23.35
31-10-2018,21.23
01-11-2018,19.34
02-11-2018,19.51
05-11-2018,19.959999
06-11-2018,19.91
07-11-2018,16.360001
08-11-2018,16.719999
09-11-2018,17.360001
12-11-2018,20.450001
13-11-2018,20.02
14-11-2018,21.25
15-11-2018,19.98
16-11-2018,18.139999
19-11-2018,20.1
20-11-2018,22.48
21-11-2018,20.799999
23-11-2018,21.52
26-11-2018,18.9
27-11-2018,19.02
28-11-2018,18.49
29-11-2018,18.790001
30-11-2018,18.07
03-12-2018,16.440001
04-12-2018,20.74
06-12-2018,21.190001
07-12-2018,23.23
10-12-2018,22.639999
11-12-2018,21.76
12-12-2018,21.459999
13-12-2018,20.65
14-12-2018,21.629999
17-12-2018,24.52
18-12-2018,25.58
19-12-2018,25.58
20-12-2018,28.379999
21-12-2018,30.110001
24-12-2018,36.07
26-12-2018,30.41
27-12-2018,29.959999
28-12-2018,28.34
31-12-2018,25.42
02-01-2019,23.219999
03-01-2019,25.450001
04-01-2019,21.379999
07-01-2019,21.4
08-01-2019,20.469999
09-01-2019,19.98
10-01-2019,19.5
11-01-2019,18.190001
14-01-2019,19.07
15-01-2019,18.6
16-01-2019,19.040001
17-01-2019,18.059999
18-01-2019,17.799999
22-01-2019,20.799999
23-01-2019,19.52
24-01-2019,18.889999
25-01-2019,17.42
28-01-2019,18.870001
29-01-2019,19.129999
30-01-2019,17.66
31-01-2019,16.57
01-02-2019,16.139999
04-02-2019,15.73
05-02-2019,15.57
06-02-2019,15.38
07-02-2019,16.370001
08-02-2019,15.72
11-02-2019,15.97
12-02-2019,15.43
13-02-2019,15.65
14-02-2019,16.219999
15-02-2019,14.91
19-02-2019,14.88
20-02-2019,14.02
21-02-2019,14.46
22-02-2019,13.51
25-02-2019,14.85
26-02-2019,15.17
27-02-2019,14.7
28-02-2019,14.78
01-03-2019,13.57
04-03-2019,14.63
05-03-2019,14.74
06-03-2019,15.74
07-03-2019,16.59
08-03-2019,16.049999
11-03-2019,14.33
12-03-2019,13.77
13-03-2019,13.41
14-03-2019,13.5
15-03-2019,12.88
18-03-2019,13.1
19-03-2019,13.56
20-03-2019,13.91
21-03-2019,13.63
22-03-2019,16.48
25-03-2019,16.33
26-03-2019,14.68
27-03-2019,15.15
28-03-2019,14.43
29-03-2019,13.71
01-04-2019,13.4
02-04-2019,13.36
03-04-2019,13.74
04-04-2019,13.58
05-04-2019,12.82
08-04-2019,13.18
09-04-2019,14.28
10-04-2019,13.3
11-04-2019,13.02
12-04-2019,12.01
15-04-2019,12.32
16-04-2019,12.18
17-04-2019,12.6
18-04-2019,12.09
22-04-2019,12.42
23-04-2019,12.28
24-04-2019,13.14
25-04-2019,13.25
26-04-2019,12.73
29-04-2019,13.11
30-04-2019,13.12
01-05-2019,14.8
02-05-2019,14.42
03-05-2019,12.87
06-05-2019,15.44
07-05-2019,19.32
08-05-2019,19.4
09-05-2019,19.1
10-05-2019,16.040001
13-05-2019,20.549999
14-05-2019,18.059999
15-05-2019,16.440001
16-05-2019,15.29
17-05-2019,15.96
20-05-2019,16.309999
21-05-2019,14.95
22-05-2019,14.75
23-05-2019,16.92
24-05-2019,15.85
28-05-2019,17.5
29-05-2019,17.9
30-05-2019,17.299999
31-05-2019,18.709999
03-06-2019,18.860001
04-06-2019,16.969999
05-06-2019,16.09
06-06-2019,15.93
07-06-2019,16.299999
10-06-2019,15.94
11-06-2019,15.99
12-06-2019,15.91
13-06-2019,15.82
14-06-2019,15.28
17-06-2019,15.35
18-06-2019,15.15
19-06-2019,14.33
20-06-2019,14.75
21-06-2019,15.4
24-06-2019,15.26
25-06-2019,16.280001
26-06-2019,16.209999
27-06-2019,15.82
28-06-2019,15.08
01-07-2019,14.06
02-07-2019,12.93
03-07-2019,12.57
05-07-2019,13.28
08-07-2019,13.96
09-07-2019,14.09
10-07-2019,13.03
11-07-2019,12.93
12-07-2019,12.39
15-07-2019,12.68
16-07-2019,12.86
17-07-2019,13.97
18-07-2019,13.53
19-07-2019,14.45
22-07-2019,13.53
23-07-2019,12.61
24-07-2019,12.07
25-07-2019,12.74
26-07-2019,12.16
29-07-2019,12.83
30-07-2019,13.94
31-07-2019,16.120001
01-08-2019,17.870001
02-08-2019,17.610001
05-08-2019,24.59
06-08-2019,20.17
07-08-2019,19.49
08-08-2019,16.91
09-08-2019,17.969999
12-08-2019,21.09
13-08-2019,17.52
14-08-2019,22.1
15-08-2019,21.18
16-08-2019,18.469999
19-08-2019,16.879999
20-08-2019,17.5
21-08-2019,15.8
22-08-2019,16.68
23-08-2019,19.870001
26-08-2019,19.32
27-08-2019,20.309999
28-08-2019,19.35
29-08-2019,17.879999
30-08-2019,18.98
03-09-2019,19.66
04-09-2019,17.33
05-09-2019,16.27
06-09-2019,15
09-09-2019,15.27
10-09-2019,15.2
11-09-2019,14.61
12-09-2019,14.22
13-09-2019,13.74
16-09-2019,14.67
17-09-2019,14.44
18-09-2019,13.95
19-09-2019,14.05
20-09-2019,15.32
23-09-2019,14.91
24-09-2019,17.049999
25-09-2019,15.96
26-09-2019,16.07
27-09-2019,17.219999
30-09-2019,16.24
01-10-2019,18.559999
02-10-2019,20.559999
03-10-2019,19.120001
04-10-2019,17.040001
07-10-2019,17.860001
08-10-2019,20.280001
09-10-2019,18.639999
10-10-2019,17.57
11-10-2019,15.58
14-10-2019,14.57
15-10-2019,13.54
16-10-2019,13.68
17-10-2019,13.79
18-10-2019,14.25
21-10-2019,14
22-10-2019,14.46
23-10-2019,14.01
24-10-2019,13.71
25-10-2019,12.65
28-10-2019,13.11
29-10-2019,13.2
30-10-2019,12.33
31-10-2019,13.22
01-11-2019,12.3
04-11-2019,12.83
05-11-2019,13.1
06-11-2019,12.62
07-11-2019,12.73
08-11-2019,12.07
11-11-2019,12.69
12-11-2019,12.68
13-11-2019,13
14-11-2019,13.05
15-11-2019,12.05
18-11-2019,12.46
19-11-2019,12.86
20-11-2019,12.78
21-11-2019,13.13
22-11-2019,12.34
25-11-2019,11.87
26-11-2019,11.54
27-11-2019,11.75
29-11-2019,12.62
02-12-2019,14.91
03-12-2019,15.96
04-12-2019,14.8
05-12-2019,14.52
06-12-2019,13.62
09-12-2019,15.86
10-12-2019,15.68
11-12-2019,14.99
12-12-2019,13.94
13-12-2019,12.63
16-12-2019,12.14
17-12-2019,12.29
18-12-2019,12.58
19-12-2019,12.5
20-12-2019,12.51
23-12-2019,12.61
24-12-2019,12.67
26-12-2019,12.65
27-12-2019,13.43
30-12-2019,14.82
31-12-2019,13.78
02-01-2020,12.47
03-01-2020,14.02
06-01-2020,13.85
07-01-2020,13.79
08-01-2020,13.45
09-01-2020,12.54
10-01-2020,12.56
13-01-2020,12.32
14-01-2020,12.39
15-01-2020,12.42
16-01-2020,12.32
17-01-2020,12.1
21-01-2020,12.85
22-01-2020,12.91
23-01-2020,12.98
24-01-2020,14.56
27-01-2020,18.23
28-01-2020,16.280001
29-01-2020,16.389999
30-01-2020,15.49
31-01-2020,18.84
03-02-2020,17.969999
04-02-2020,16.049999
05-02-2020,15.15
06-02-2020,14.96
07-02-2020,15.47
10-02-2020,15.04
11-02-2020,15.18
12-02-2020,13.74
13-02-2020,14.15
14-02-2020,13.68
18-02-2020,14.83
19-02-2020,14.38
20-02-2020,15.56
21-02-2020,17.08
24-02-2020,25.030001
25-02-2020,27.85
26-02-2020,27.559999
27-02-2020,39.16
28-02-2020,40.110001
02-03-2020,33.419998
03-03-2020,36.82
04-03-2020,31.99
05-03-2020,39.619999
06-03-2020,41.939999
09-03-2020,54.459999
10-03-2020,47.299999
11-03-2020,53.900002
12-03-2020,75.470001
13-03-2020,57.830002
16-03-2020,82.690002
17-03-2020,75.910004
18-03-2020,76.449997
19-03-2020,72
20-03-2020,66.040001
23-03-2020,61.59
24-03-2020,61.669998
25-03-2020,63.950001
26-03-2020,61
27-03-2020,65.540001
30-03-2020,57.080002
31-03-2020,53.540001
01-04-2020,57.060001
02-04-2020,50.91
03-04-2020,46.799999
06-04-2020,45.240002
07-04-2020,46.700001
08-04-2020,43.349998
09-04-2020,41.669998
13-04-2020,41.169998
14-04-2020,37.759998
15-04-2020,40.84
16-04-2020,40.110001
17-04-2020,38.150002
20-04-2020,43.830002
21-04-2020,45.41
22-04-2020,41.98
23-04-2020,41.380001
24-04-2020,35.93
27-04-2020,33.290001
28-04-2020,33.57
29-04-2020,31.23
30-04-2020,34.150002
01-05-2020,37.189999
04-05-2020,35.970001
05-05-2020,33.610001
06-05-2020,34.119999
07-05-2020,31.440001
08-05-2020,27.98
11-05-2020,27.57
12-05-2020,33.040001
13-05-2020,35.279999
14-05-2020,32.610001
15-05-2020,31.889999
18-05-2020,29.299999
19-05-2020,30.530001
20-05-2020,27.99
21-05-2020,29.530001
22-05-2020,28.16
26-05-2020,28.01
27-05-2020,27.620001
28-05-2020,28.59
29-05-2020,27.51
01-06-2020,28.23
02-06-2020,26.84
03-06-2020,25.66
04-06-2020,25.809999
05-06-2020,24.52
08-06-2020,25.809999
09-06-2020,27.57
10-06-2020,27.57
11-06-2020,40.790001
12-06-2020,36.09
15-06-2020,34.400002
16-06-2020,33.669998
17-06-2020,33.470001
18-06-2020,32.939999
19-06-2020,35.119999
22-06-2020,31.77
23-06-2020,31.370001
24-06-2020,33.84
25-06-2020,32.220001
26-06-2020,34.73
29-06-2020,31.780001
30-06-2020,30.43
01-07-2020,28.620001
02-07-2020,27.68
06-07-2020,27.940001
07-07-2020,29.43
08-07-2020,28.08
09-07-2020,29.26
10-07-2020,27.290001
13-07-2020,32.189999
14-07-2020,29.52
15-07-2020,27.76
16-07-2020,28
17-07-2020,25.68
20-07-2020,24.459999
21-07-2020,24.84
22-07-2020,24.32
23-07-2020,26.08
24-07-2020,25.84
27-07-2020,24.74
28-07-2020,25.440001
29-07-2020,24.1
30-07-2020,24.76
31-07-2020,24.459999
03-08-2020,24.280001
04-08-2020,23.76
05-08-2020,22.99
06-08-2020,22.65
07-08-2020,22.209999
10-08-2020,22.129999
11-08-2020,24.030001
12-08-2020,22.280001
13-08-2020,22.129999
14-08-2020,22.049999
17-08-2020,21.35
18-08-2020,21.51
19-08-2020,22.540001
20-08-2020,22.719999
21-08-2020,22.540001
24-08-2020,22.370001
25-08-2020,22.030001
26-08-2020,23.27
27-08-2020,24.469999
28-08-2020,22.959999
31-08-2020,26.41
01-09-2020,26.120001
02-09-2020,26.57
03-09-2020,33.599998
04-09-2020,30.75
08-09-2020,31.459999
09-09-2020,28.809999
10-09-2020,29.709999
11-09-2020,26.870001
14-09-2020,25.85
15-09-2020,25.59
16-09-2020,26.040001
17-09-2020,26.459999
18-09-2020,25.83
21-09-2020,27.780001
22-09-2020,26.860001
23-09-2020,28.58
24-09-2020,28.51
25-09-2020,26.379999
28-09-2020,26.190001
29-09-2020,26.27
30-09-2020,26.370001
01-10-2020,26.700001
02-10-2020,27.629999
05-10-2020,27.959999
06-10-2020,29.48
07-10-2020,28.059999
08-10-2020,26.360001
09-10-2020,25
12-10-2020,25.07
13-10-2020,26.07
14-10-2020,26.4
15-10-2020,26.969999
16-10-2020,27.41
19-10-2020,29.18
20-10-2020,29.35
21-10-2020,28.65
22-10-2020,28.110001
23-10-2020,27.549999
26-10-2020,32.459999
27-10-2020,33.349998
28-10-2020,40.279999
29-10-2020,37.59
30-10-2020,38.02
02-11-2020,37.130001
03-11-2020,35.549999
04-11-2020,29.57
05-11-2020,27.58
06-11-2020,24.860001
