Date,USD,CRUDE,GOLD,SMA,MACD,RSI
03-Nov-15,65.56899793,3094.240443,2624.079604,66.56899793,65.56899793,67.56899793
04-Nov-15,65.60900145,3122.300536,2592.224881,66.60900145,65.60900145,67.60900145
05-Nov-15,65.86000021,3051.335119,2581.717823,66.86000021,65.86000021,67.86000021
06-Nov-15,66.13999827,2983.014098,2566.814173,67.13999827,66.13999827,68.13999827
09-Nov-15,66.47500151,2960.769208,2569.775838,67.47500151,66.47500151,68.47500151
10-Nov-15,66.20000079,2941.80341,2562.440263,67.20000079,66.20000079,68.20000079
11-Nov-15,66.0700017,2899.575479,2550.636511,67.0700017,66.0700017,68.0700017
12-Nov-15,66.05500175,2807.477323,2537.839182,67.05500175,66.05500175,68.05500175
13-Nov-15,66.05899875,2747.068379,2540.908629,67.05899875,66.05899875,68.05899875
16-Nov-15,65.88600101,2720.476083,2555.055049,66.88600101,65.88600101,67.88600101
17-Nov-15,65.9810009,2741.896335,2519.405723,66.9810009,65.9810009,67.9810009
18-Nov-15,66.03300078,2726.358987,2509.334725,67.03300078,66.03300078,68.03300078
19-Nov-15,66.09000057,2724.235882,2525.883996,67.09000057,66.09000057,68.09000057
20-Nov-15,66.05799945,2793.100289,2535.824866,66.05799945,65.05799945,67.05799945
23-Nov-15,66.39500046,2781.402157,2516.419638,67.39500046,66.39500046,68.39500046
24-Nov-15,66.26200021,2850.853099,2527.460862,67.26200021,66.26200021,68.26200021
25-Nov-15,66.36800181,2831.09264,2522.087178,67.36800181,66.36800181,68.36800181
26-Nov-15,66.56499972,2872.913785,2531.094496,67.56499972,66.56499972,68.56499972
27-Nov-15,66.90700107,2836.640502,2516.96434,67.90700107,66.90700107,68.90700107
30-Nov-15,66.46199916,2822.835375,2507.912464,67.46199916,66.46199916,68.46199916
01-Dec-15,66.43400151,2794.364891,2533.486356,67.43400151,66.43400151,68.43400151
02-Dec-15,66.59100153,2758.769056,2519.367639,67.59100153,66.59100153,68.59100153
03-Dec-15,66.79000108,2734.007017,2507.409395,67.79000108,66.79000108,68.79000108
04-Dec-15,66.64299952,2740.659491,2545.183368,67.64299952,66.64299952,68.64299952
07-Dec-15,66.77300044,2604.183772,2562.880267,67.77300044,66.77300044,68.77300044
08-Dec-15,66.85699963,2529.233087,2548.355037,67.85699963,66.85699963,68.85699963
09-Dec-15,66.85500166,2554.120004,2558.873277,67.85500166,66.85500166,68.85500166
10-Dec-15,66.75599955,2487.562306,2546.330483,67.75599955,66.75599955,68.75599955
11-Dec-15,67.14800145,2439.119096,2546.395323,68.14800145,67.14800145,69.14800145
14-Dec-15,67.09299794,2402.587656,2548.290097,68.09299794,67.09299794,69.09299794
15-Dec-15,66.86299872,2479.750596,2530.185108,67.86299872,66.86299872,68.86299872
16-Dec-15,66.4760002,2455.636306,2535.638398,67.4760002,66.4760002,68.4760002
17-Dec-15,66.42100195,2359.493929,2503.298095,67.42100195,66.42100195,68.42100195
18-Dec-15,66.25499786,2369.84846,2499.718782,67.25499786,66.25499786,68.25499786
21-Dec-15,66.25099907,2390.704373,2525.609682,67.25099907,66.25099907,68.25099907
22-Dec-15,66.24399904,2415.422607,2531.991715,67.24399904,66.24399904,68.24399904
23-Dec-15,66.03699947,2474.516081,2515.191758,67.03699947,66.03699947,68.03699947
24-Dec-15,65.94700024,2519.013332,2517.401538,66.94700024,65.94700024,67.94700024
28-Dec-15,66.13700187,2474.302809,2515.22339,67.13700187,66.13700187,68.13700187
29-Dec-15,66.23499993,2496.313906,2519.951718,67.23499993,66.23499993,68.23499993
30-Dec-15,66.47500151,2462.83106,2509.120654,67.47500151,66.47500151,68.47500151
31-Dec-15,66.20799971,2456.284298,2493.063052,67.20799971,66.20799971,68.20799971
01-Jan-16,66.23499993,2483.568794,2497.090889,67.23499993,66.23499993,68.23499993
04-Jan-16,66.57899988,2504.76255,2531.491757,67.57899988,66.57899988,68.57899988
05-Jan-16,66.48099853,2445.324947,2541.03776,67.48099853,66.48099853,68.48099853
06-Jan-16,66.69800139,2350.548065,2563.484699,67.69800139,66.69800139,68.69800139
07-Jan-16,66.89100125,2229.599418,2598.610783,67.89100125,66.89100125,68.89100125
08-Jan-16,66.84700205,2247.157121,2593.811684,67.84700205,66.84700205,68.84700205
11-Jan-16,66.7600016,2173.536165,2599.056542,67.7600016,66.7600016,68.7600016
12-Jan-16,66.94600109,2091.430424,2578.575646,67.94600109,66.94600109,68.94600109
13-Jan-16,66.9169987,2080.837705,2562.151387,67.9169987,66.9169987,68.9169987
14-Jan-16,67.3160013,2100.120202,2585.997342,68.3160013,67.3160013,69.3160013
15-Jan-16,67.77500028,2032.118534,2597.240691,68.77500028,67.77500028,69.77500028
18-Jan-16,67.66099918,1993.404825,2604.112414,68.66099918,67.66099918,69.66099918
19-Jan-16,67.73400099,2031.347819,2597.652242,68.73400099,67.73400099,69.73400099
20-Jan-16,67.95800005,1965.147618,2635.414169,68.95800005,67.95800005,69.95800005
21-Jan-16,67.79900037,1971.538552,2633.096442,68.79900037,67.79900037,69.79900037
22-Jan-16,67.54900072,2122.229058,2617.999796,68.54900072,67.54900072,69.54900072
25-Jan-16,67.75500171,2144.235846,2635.96297,68.75500171,67.75500171,69.75500171
27-Jan-16,68.14400136,2142.420115,2674.705047,69.14400136,68.14400136,70.14400136
28-Jan-16,68.05300158,2266.028143,2675.921788,69.05300158,68.05300158,70.05300158
29-Jan-16,67.87799934,2298.594158,2661.818608,68.87799934,67.87799934,69.87799934
01-Feb-16,67.83499788,2223.19078,2684.765566,68.83499788,67.83499788,69.83499788
02-Feb-16,67.97499961,2094.783032,2696.079092,68.97499961,67.97499961,69.97499961
03-Feb-16,67.93399804,2104.858986,2713.188811,68.93399804,67.93399804,69.93399804
04-Feb-16,67.54400019,2217.386314,2732.501742,68.54400019,67.54400019,69.54400019
05-Feb-16,67.81000207,2163.663881,2744.22204,68.81000207,67.81000207,69.81000207
08-Feb-16,68.0340004,2081.865024,2805.844012,69.0340004,68.0340004,70.0340004
09-Feb-16,67.90099817,2038.238088,2836.557554,68.90099817,67.90099817,69.90099817
10-Feb-16,67.86100221,1934.222753,2820.26189,68.86100221,67.86100221,69.86100221
11-Feb-16,68.47100079,1854.077791,2937.211235,69.47100079,68.47100079,70.47100079
12-Feb-16,68.11799781,1940.911717,2953.363438,69.11799781,68.11799781,70.11799781
15-Feb-16,68.13100175,2041.45009,2879.47939,69.13100175,68.13100175,70.13100175
16-Feb-16,68.47400141,2069.609012,2881.860991,69.47400141,68.47400141,70.47400141
17-Feb-16,68.32900196,2071.865225,2888.103325,69.32900196,68.32900196,70.32900196
18-Feb-16,68.5419986,2170.342399,2896.963692,69.5419986,68.5419986,70.5419986
19-Feb-16,68.54500075,2127.523793,2946.92297,69.54500075,68.54500075,70.54500075
22-Feb-16,68.5329984,2296.153399,2898.517119,69.5329984,68.5329984,70.5329984
23-Feb-16,68.5609979,2262.127163,2924.344289,69.5609979,68.5609979,70.5609979
24-Feb-16,68.43100034,2167.478301,2959.420427,69.43100034,68.43100034,70.43100034
25-Feb-16,68.76800131,2208.712256,2962.989301,69.76800131,68.76800131,70.76800131
26-Feb-16,68.73700226,2334.160178,2949.678485,69.73700226,68.73700226,70.73700226
29-Feb-16,68.2079992,2283.960505,2958.562375,69.2079992,68.2079992,70.2079992
01-Mar-16,67.7530002,2333.139001,2955.632993,68.7530002,67.7530002,69.7530002
02-Mar-16,67.39499994,2326.405283,2922.088358,68.39499994,67.39499994,69.39499994
03-Mar-16,67.12199994,2349.019427,2942.985541,68.12199994,67.12199994,69.12199994
04-Mar-16,66.93800209,2368.617642,2980.021933,67.93800209,66.93800209,68.93800209
07-Mar-16,66.98899987,2498.771769,2980.545976,67.98899987,66.98899987,68.98899987
08-Mar-16,67.31300162,2536.735694,3000.066001,68.31300162,67.31300162,69.31300162
09-Mar-16,67.12800162,2526.836523,2955.353475,68.12800162,67.12800162,69.12800162
10-Mar-16,67.30200205,2555.26358,2949.800299,68.30200205,67.30200205,69.30200205
11-Mar-16,66.92100217,2603.365329,2971.494454,67.92100217,66.92100217,68.92100217
14-Mar-16,67.13799779,2525.954557,2941.072668,68.13799779,67.13799779,69.13799779
15-Mar-16,67.37200212,2467.007209,2905.751936,68.37200212,67.37200212,69.37200212
16-Mar-16,67.17299882,2534.064194,2904.123274,68.17299882,67.17299882,69.17299882
17-Mar-16,66.61899855,2646.543347,2948.13059,67.61899855,66.61899855,68.61899855
18-Mar-16,66.38399917,2729.896748,2923.891114,67.38399917,66.38399917,68.38399917
21-Mar-16,66.49999993,2750.425529,2896.678379,67.49999993,66.49999993,68.49999993
22-Mar-16,66.75500133,2770.408198,2915.400897,67.75500133,66.75500133,68.75500133
23-Mar-16,66.93000052,2731.048035,2874.504867,67.93000052,66.93000052,68.93000052
24-Mar-16,66.91600014,2629.850948,2863.639227,67.91600014,66.91600014,68.91600014
28-Mar-16,66.60799834,2654.666726,2846.326815,67.60799834,66.60799834,68.60799834
29-Mar-16,66.37500163,2586.353109,2857.542913,67.37500163,66.37500163,68.37500163
30-Mar-16,66.37500163,2597.901551,2866.882065,67.37500163,66.37500163,68.37500163
31-Mar-16,66.25499786,2552.236677,2863.549025,67.25499786,66.25499786,68.25499786
01-Apr-16,66.36499793,2501.867664,2860.297357,67.36499793,66.36499793,68.36499793
04-Apr-16,66.10599965,2438.993447,2838.127404,67.10599965,66.10599965,68.10599965
05-Apr-16,66.42199902,2380.255784,2875.347917,67.42199902,66.42199902,68.42199902
06-Apr-16,66.51699898,2487.833694,2870.643081,67.51699898,66.51699898,68.51699898
07-Apr-16,66.75699779,2507.388807,2893.995827,67.75699779,66.75699779,68.75699779
08-Apr-16,66.55100103,2608.952059,2898.105508,67.55100103,66.55100103,68.55100103
11-Apr-16,66.28700124,2667.577006,2927.391899,67.28700124,66.28700124,68.28700124
12-Apr-16,66.28299858,2731.64143,2936.848937,67.28299858,66.28299858,68.28299858
13-Apr-16,66.49599804,2784.894631,2916.991182,67.49599804,66.49599804,68.49599804
14-Apr-16,66.59700176,2794.614265,2890.490863,67.59700176,66.59700176,68.59700176
15-Apr-16,66.66000067,2700.897688,2891.301519,67.66000067,66.66000067,68.66000067
18-Apr-16,66.4159994,2630.240863,2906.824643,67.4159994,66.4159994,68.4159994
19-Apr-16,66.14999989,2758.721139,2928.129072,67.14999989,66.14999989,68.14999989
20-Apr-16,66.16600176,2824.415885,2929.312754,67.16600176,66.16600176,68.16600176
21-Apr-16,66.4889992,2927.268102,2948.704339,67.4889992,66.4889992,68.4889992
22-Apr-16,66.66000067,2931.903878,2927.271929,67.66000067,66.66000067,68.66000067
25-Apr-16,66.6850006,2906.646334,2918.617276,67.6850006,66.6850006,68.6850006
26-Apr-16,66.40399901,2900.024357,2915.511395,67.40399901,66.40399901,68.40399901
27-Apr-16,66.36199873,2980.562481,2934.194813,67.36199873,66.36199873,68.36199873
28-Apr-16,66.40100069,3032.827645,2954.977956,67.40100069,66.40100069,68.40100069
29-Apr-16,66.42499923,3076.558087,3008.505044,67.42499923,66.42499923,68.42499923
02-May-16,66.34599876,3022.667679,3037.814718,67.34599876,66.34599876,68.34599876
03-May-16,66.55799964,2949.752462,3029.853143,67.55799964,66.55799964,68.55799964
04-May-16,66.62700139,2939.726609,3012.411134,67.62700139,66.62700139,68.62700139
05-May-16,66.55799964,3008.505836,3005.475977,67.55799964,66.55799964,68.55799964
06-May-16,66.60000007,2957.707831,3024.099045,67.60000007,66.60000007,68.60000007
09-May-16,66.75199797,2977.082995,2998.599654,67.75199797,66.75199797,68.75199797
10-May-16,66.63100131,2932.897817,2976.739756,67.63100131,66.63100131,68.63100131
11-May-16,66.56099886,3006.052738,2998.186097,67.56099886,66.56099886,68.56099886
12-May-16,66.75699779,3096.854727,2989.116626,67.75699779,66.75699779,68.75699779
13-May-16,66.85500166,3090.012465,2994.675467,67.85500166,66.85500166,68.85500166
16-May-16,66.84399934,3168.32017,3013.445996,67.84399934,66.84399934,68.84399934
17-May-16,66.82500183,3212.958326,3001.623879,67.82500183,66.82500183,68.82500183
18-May-16,67.13999918,3255.001627,3001.281547,68.13999918,67.13999918,69.13999918
19-May-16,67.43599902,3210.43646,2974.375753,68.43599902,67.43599902,69.43599902
20-May-16,67.4080019,3294.556548,2978.096103,68.4080019,67.4080019,69.4080019
23-May-16,67.40900156,3243.880801,2967.130132,68.40900156,67.40900156,69.40900156
24-May-16,67.63000194,3283.762436,2951.576437,68.63000194,67.63000194,69.63000194
25-May-16,67.2729982,3322.875799,2903.263268,68.2729982,67.2729982,69.2729982
26-May-16,66.92699931,3346.270779,2897.257456,67.92699931,66.92699931,68.92699931
27-May-16,67.03099802,3298.686067,2871.838465,68.03099802,67.03099802,69.03099802
30-May-16,67.17099997,3338.470379,2859.307762,68.17099997,67.17099997,69.17099997
31-May-16,67.20899848,3345.526213,2878.799656,68.20899848,67.20899848,69.20899848
01-Jun-16,67.43399813,3283.30123,2899.029695,68.43399813,67.43399813,69.43399813
02-Jun-16,67.26800225,3292.841806,2893.049737,68.26800225,67.26800225,69.26800225
03-Jun-16,67.0000006,3286.011315,2920.441337,68.0000006,67.0000006,69.0000006
06-Jun-16,66.79000108,3312.244831,2943.340692,67.79000108,66.79000108,68.79000108
07-Jun-16,66.65800113,3342.177584,2931.820514,67.65800113,66.65800113,68.65800113
08-Jun-16,66.49999993,3394.15096,2957.013889,67.49999993,66.49999993,68.49999993
09-Jun-16,66.75300055,3393.021172,2977.360153,67.75300055,66.75300055,68.75300055
10-Jun-16,66.95199823,3328.116206,2996.55097,67.95199823,66.95199823,68.95199823
13-Jun-16,67.18699862,3271.693364,3036.661616,68.18699862,67.18699862,69.18699862
14-Jun-16,67.29199774,3255.365394,3044.297574,68.29199774,67.29199774,69.29199774
15-Jun-16,67.07900129,3233.522599,3042.324823,68.07900129,67.07900129,69.07900129
16-Jun-16,67.31499987,3162.843079,3097.423254,68.31499987,67.31499987,69.31499987
17-Jun-16,67.07399811,3171.20116,3047.229002,68.07399811,67.07399811,69.07399811
20-Jun-16,67.55099932,3315.674084,3052.885129,68.55099932,67.55099932,69.55099932
21-Jun-16,67.62400162,3350.530829,3041.408781,68.62400162,67.62400162,69.62400162
22-Jun-16,67.44899861,3371.986743,3015.326907,68.44899861,67.44899861,69.44899861
23-Jun-16,67.27899976,3351.214402,2999.544069,68.27899976,67.27899976,69.27899976
24-Jun-16,67.88499874,3261.986622,3153.877693,68.88499874,67.88499874,69.88499874
27-Jun-16,67.91399779,3202.340067,3160.056881,68.91399779,67.91399779,69.91399779
28-Jun-16,67.71499868,3224.757616,3129.616184,68.71499868,67.71499868,69.71499868
29-Jun-16,67.42199983,3299.586321,3135.43512,68.42199983,67.42199983,69.42199983
30-Jun-16,67.50399978,3319.562287,3121.761173,68.50399978,67.50399978,69.50399978
01-Jul-16,67.19000062,3264.377474,3151.164513,68.19000062,67.19000062,69.19000062
04-Jul-16,67.26499779,3303.380649,3180.176055,68.26499779,67.26499779,69.26499779
05-Jul-16,67.43399813,3203.858325,3177.932437,68.43399813,67.43399813,69.43399813
06-Jul-16,67.41100096,3154.267147,3222.957773,68.41100096,67.41100096,69.41100096
07-Jul-16,67.49500132,3172.985348,3198.198774,68.49500132,67.49500132,69.49500132
08-Jul-16,67.13899847,3064.731005,3168.457373,68.13899847,67.13899847,69.13899847
11-Jul-16,67.13799779,3035.085169,3170.265446,68.13799779,67.13799779,69.13799779
12-Jul-16,66.97500171,3083.017239,3137.688026,67.97500171,66.97500171,68.97500171
13-Jul-16,67.01599873,3071.893024,3124.921877,68.01599873,67.01599873,69.01599873
14-Jul-16,66.8429985,3042.70089,3095.36191,67.8429985,66.8429985,68.8429985
15-Jul-16,67.14099993,3072.061717,3099.958151,68.14099993,67.14099993,69.14099993
18-Jul-16,67.13700165,3059.969549,3101.592668,68.13700165,67.13700165,69.13700165
19-Jul-16,67.20399848,3051.623625,3106.159203,68.20399848,67.20399848,69.20399848
20-Jul-16,67.16300125,3073.290677,3090.215759,68.16300125,67.16300125,69.16300125
21-Jul-16,67.15300214,3073.907634,3086.372124,68.15300214,67.15300214,69.15300214
22-Jul-16,67.15399876,2999.887958,3090.779278,68.15399876,67.15399876,69.15399876
25-Jul-16,67.41200071,2956.051118,3082.148504,68.41200071,67.41200071,69.41200071
26-Jul-16,67.32099986,2905.686197,3090.932132,68.32099986,67.32099986,69.32099986
27-Jul-16,67.07200065,2875.029535,3092.624092,68.07200065,67.07200065,69.07200065
28-Jul-16,67.01400023,2812.993,3126.573057,68.01400023,67.01400023,69.01400023
29-Jul-16,66.65500204,2760.595093,3132.871339,67.65500204,66.65500204,68.65500204
01-Aug-16,66.76399968,2744.45917,3151.432641,67.76399968,66.76399968,68.76399968
02-Aug-16,66.68199908,2693.466011,3170.969143,67.68199908,66.68199908,68.68199908
03-Aug-16,66.76699966,2692.12617,3181.70393,67.76699966,66.76699966,68.76699966
04-Aug-16,66.84000061,2759.752239,3172.347283,67.84000061,66.84000061,68.84000061
05-Aug-16,66.84200215,2790.107023,3150.290929,67.84200215,66.84200215,68.84200215
08-Aug-16,66.81000084,2857.148506,3113.35411,67.81000084,66.81000084,68.81000084
09-Aug-16,66.77399919,2882.96295,3117.275003,67.77399919,66.77399919,68.77399919
10-Aug-16,66.76499816,2845.546347,3146.088625,67.76499816,66.76499816,68.76499816
11-Aug-16,66.75000182,2836.97088,3137.520668,67.75000182,66.75000182,68.75000182
12-Aug-16,66.90799936,2940.281313,3133.283619,67.90799936,66.90799936,68.90799936
16-Aug-16,66.87000051,3077.238598,3142.341799,67.87000051,66.87000051,68.87000051
17-Aug-16,66.89300137,3108.707221,3136.428361,67.89300137,66.89300137,68.89300137
18-Aug-16,66.82999918,3181.034299,3145.930267,67.82999918,66.82999918,68.82999918
19-Aug-16,67.13700165,3253.684469,3142.282554,68.13700165,67.13700165,69.13700165
22-Aug-16,67.20199778,3236.915253,3130.096188,68.20199778,67.20199778,69.20199778
23-Aug-16,67.12199994,3190.824925,3136.172615,68.12199994,67.12199994,69.12199994
24-Aug-16,67.16699811,3175.398024,3120.61164,68.16699811,67.16699811,69.16699811
25-Aug-16,67.01599873,3153.983373,3096.943626,68.01599873,67.01599873,69.01599873
26-Aug-16,67.13600102,3195.202672,3108.061067,68.13600102,67.13600102,69.13600102
29-Aug-16,67.11299943,3163.293467,3099.218377,68.11299943,67.11299943,69.11299943
30-Aug-16,67.14399782,3157.192217,3094.40408,68.14399782,67.14399782,69.14399782
31-Aug-16,66.97300117,3062.756367,3077.245004,67.97300117,66.97300117,68.97300117
01-Sep-16,66.80099902,2969.707996,3073.745297,67.80099902,66.80099902,68.80099902
02-Sep-16,66.79500213,2941.183762,3087.229674,67.79500213,66.79500213,68.79500213
05-Sep-16,66.46999966,3007.720125,3096.934035,67.46999966,66.46999966,68.46999966
06-Sep-16,66.279998,2973.379049,3111.571624,67.279998,66.279998,68.279998
07-Sep-16,66.4780021,3000.435533,3135.572759,67.4780021,66.4780021,68.4780021
08-Sep-16,66.63100131,3107.423967,3130.203964,67.63100131,66.63100131,68.63100131
09-Sep-16,66.89500161,3120.435439,3121.85863,67.89500161,66.89500161,68.89500161
12-Sep-16,66.73800069,3052.35503,3110.565034,67.73800069,66.73800069,68.73800069
13-Sep-16,67.13999918,3032.448228,3110.458606,68.13999918,67.13999918,69.13999918
14-Sep-16,66.79800044,2982.109183,3105.320034,67.79800044,66.79800044,68.79800044
15-Sep-16,66.85999904,2939.213137,3098.747796,67.85999904,66.85999904,68.85999904
16-Sep-16,67.07500139,2904.470387,3086.838953,68.07500139,67.07500139,69.07500139
19-Sep-16,66.9799991,2944.304847,3092.604963,67.9799991,66.9799991,68.9799991
20-Sep-16,66.98500172,2947.092127,3095.227778,67.98500172,66.98500172,68.98500172
21-Sep-16,66.74400072,3036.989932,3111.629716,67.74400072,66.74400072,68.74400072
22-Sep-16,66.63299923,3090.754879,3127.795467,67.63299923,66.63299923,68.63299923
23-Sep-16,66.70700217,3057.579135,3128.656617,67.70700217,66.70700217,68.70700217
26-Sep-16,66.61299879,3034.315629,3130.223561,67.61299879,66.61299879,68.61299879
27-Sep-16,66.42499923,3005.208887,3112.142959,67.42499923,66.42499923,68.42499923
28-Sep-16,66.34900092,3018.27342,3097.250571,67.34900092,66.34900092,68.34900092
29-Sep-16,66.81200058,3170.813083,3109.878217,67.81200058,66.81200058,68.81200058
30-Sep-16,66.55600178,3191.340202,3112.259189,67.55600178,66.55600178,68.55600178
03-Oct-16,66.54600102,3227.441849,3090.760172,67.54600102,66.54600102,68.54600102
04-Oct-16,66.60900103,3248.579678,3047.944162,67.60900103,66.60900103,68.60900103
05-Oct-16,66.57200128,3308.034029,2997.835563,67.57200128,66.57200128,68.57200128
06-Oct-16,66.69700046,3341.145458,2976.597987,67.69700046,66.69700046,68.69700046
07-Oct-16,66.60200056,3354.130998,2963.586414,67.60200056,66.60200056,68.60200056
10-Oct-16,66.49200105,3364.776532,2971.512113,67.49200105,66.49200105,68.49200105
11-Oct-16,66.83400118,3402.427447,2970.699986,67.83400118,66.83400118,68.83400118
12-Oct-16,66.81200058,3369.187171,2967.103721,67.81200058,66.81200058,68.81200058
13-Oct-16,66.79399829,3351.486101,2979.498074,67.79399829,66.79399829,68.79399829
14-Oct-16,66.71699797,3377.317964,2963.120996,67.71699797,66.71699797,68.71699797
17-Oct-16,66.78900186,3344.422507,2967.279806,67.78900186,66.78900186,68.78900186
18-Oct-16,66.73299927,3352.238906,2977.067648,67.73299927,66.73299927,68.73299927
19-Oct-16,66.64499816,3433.800514,2988.848606,67.64499816,66.64499816,68.64499816
20-Oct-16,66.82999918,3422.794632,2996.102071,67.82999918,66.82999918,68.82999918
21-Oct-16,66.92600046,3399.621756,2990.260721,67.92600046,66.92600046,68.92600046
24-Oct-16,66.84500021,3377.879307,2981.194624,67.84500021,66.84500021,68.84500021
25-Oct-16,66.80600172,3378.055576,2986.304806,67.80600172,66.80600172,68.80600172
26-Oct-16,66.86299872,3314.625711,2991.27147,67.86299872,66.86299872,68.86299872
27-Oct-16,66.88099797,3323.157023,2990.117661,67.88099797,66.88099797,68.88099797
28-Oct-16,66.77799895,3307.779583,2992.273949,67.77799895,66.77799895,68.77799895
01-Nov-16,66.69599957,3138.772057,3017.811121,67.69599957,66.69599957,68.69599957
02-Nov-16,66.76199835,3057.371576,3049.412683,67.76199835,66.76199835,68.76199835
03-Nov-16,66.66800003,3030.880892,3040.631965,67.66800003,66.66800003,68.66800003
04-Nov-16,66.79600154,2967.204595,3052.02792,67.79600154,66.79600154,68.79600154
07-Nov-16,66.7449986,2984.868446,3018.813244,67.7449986,66.7449986,68.7449986
08-Nov-16,66.24600015,2997.595826,3004.22093,67.24600015,66.24600015,68.24600015
09-Nov-16,66.51499917,2984.679158,3060.340738,67.51499917,66.51499917,68.51499917
10-Nov-16,66.86500163,3012.911534,2999.814012,67.86500163,66.86500163,68.86500163
11-Nov-16,67.56500192,2972.235684,2966.364394,68.56500192,67.56500192,69.56500192
14-Nov-16,67.7850017,2910.467451,2938.998154,68.7850017,67.7850017,69.7850017
15-Nov-16,67.78599879,3038.215894,2931.382205,68.78599879,67.78599879,69.78599879
16-Nov-16,67.99899824,3112.204784,2937.38379,68.99899824,67.99899824,69.99899824
17-Nov-16,68.02299994,3123.493994,2928.935244,69.02299994,68.02299994,70.02299994
18-Nov-16,68.19099917,3098.757264,2890.925385,69.19099917,68.19099917,70.19099917
21-Nov-16,68.22800079,3252.377958,2907.838952,69.22800079,68.22800079,70.22800079
22-Nov-16,68.39600026,3308.369747,2916.242596,69.39600026,68.39600026,70.39600026
23-Nov-16,68.78399864,3305.979969,2895.41193,69.78399864,68.78399864,70.78399864
24-Nov-16,68.76099832,3311.345176,2870.741972,69.76099832,68.76099832,70.76099832
25-Nov-16,68.51900018,3241.501429,2853.579959,69.51900018,68.51900018,70.51900018
28-Nov-16,68.57900126,3205.378476,2874.92633,69.57900126,68.57900126,70.57900126
29-Nov-16,68.6149987,3162.252365,2863.778641,69.6149987,68.6149987,70.6149987
30-Nov-16,68.59800226,3293.194843,2846.610399,69.59800226,68.59800226,70.59800226
01-Dec-16,68.23599912,3452.339338,2806.001476,69.23599912,68.23599912,70.23599912
02-Dec-16,68.03100118,3481.008549,2808.704738,69.03100118,68.03100118,70.03100118
05-Dec-16,68.02499892,3543.361374,2796.764703,69.02499892,68.02499892,70.02499892
06-Dec-16,67.74199864,3466.691809,2793.163453,68.74199864,67.74199864,69.74199864
07-Dec-16,67.43800003,3425.900251,2791.097515,68.43800003,67.43800003,69.43800003
08-Dec-16,67.54599849,3391.928896,2783.236013,68.54599849,67.54599849,69.54599849
09-Dec-16,67.47000048,3470.12741,2767.760024,68.47000048,67.47000048,69.47000048
12-Dec-16,67.43100156,3611.36541,2754.441537,68.43100156,67.43100156,69.43100156
13-Dec-16,67.41100096,3576.45522,2755.428194,68.41100096,67.41100096,69.41100096
14-Dec-16,67.47499916,3533.808768,2761.302009,68.47499916,67.47499916,69.47499916
15-Dec-16,67.8570006,3452.062885,2709.5131,68.8570006,67.8570006,69.8570006
16-Dec-16,67.85500227,3483.55398,2711.57027,68.85500227,67.85500227,69.85500227
19-Dec-16,67.84399978,3549.602948,2722.23659,68.84399978,67.84399978,69.84399978
20-Dec-16,67.91700054,3639.995605,2710.071166,68.91700054,67.91700054,69.91700054
21-Dec-16,67.83699963,3627.931708,2709.212134,68.83699963,67.83699963,69.83699963
22-Dec-16,67.84799985,3589.518741,2695.781103,68.84799985,67.84799985,69.84799985
23-Dec-16,67.83699963,3584.682837,2696.050017,68.83699963,67.83699963,69.83699963
26-Dec-16,67.76000139,3612.205362,2696.988004,68.76000139,67.76000139,69.76000139
27-Dec-16,67.97799851,3647.746035,2721.673503,68.97799851,67.97799851,69.97799851
28-Dec-16,68.23300069,3693.73265,2727.709161,69.23300069,68.23300069,70.23300069
29-Dec-16,67.93499952,3673.854214,2744.387727,68.93499952,67.93499952,69.93499952
30-Dec-16,67.9549983,3659.877163,2754.198776,68.9549983,67.9549983,69.9549983
02-Jan-17,68.14499975,3677.449128,2752.333979,69.14499975,68.14499975,70.14499975
03-Jan-17,68.2600007,3697.97925,2760.829353,69.2600007,68.2600007,70.2600007
04-Jan-17,67.88599877,3594.170583,2772.271738,68.88599877,67.88599877,69.88599877
05-Jan-17,67.74299905,3631.346528,2788.210331,68.74299905,67.74299905,69.74299905
06-Jan-17,68.11500046,3673.900144,2788.591315,69.11500046,68.11500046,70.11500046
09-Jan-17,68.09999913,3618.817166,2794.271743,69.09999913,68.09999913,70.09999913
10-Jan-17,68.32699908,3546.354702,2811.681976,69.32699908,68.32699908,70.32699908
11-Jan-17,68.31200223,3533.773109,2821.423634,69.31200223,68.31200223,70.31200223
12-Jan-17,68.14100172,3601.894497,2842.637285,69.14100172,68.14100172,70.14100172
13-Jan-17,68.17999902,3598.182095,2834.169886,69.17999902,68.17999902,70.17999902
16-Jan-17,68.10299979,3573.186495,2853.922002,69.10299979,68.10299979,70.10299979
17-Jan-17,67.86200153,3600.722178,2870.049881,68.86200153,67.86200153,69.86200153
18-Jan-17,68.21999968,3540.336989,2875.290045,69.21999968,68.21999968,70.21999968
19-Jan-17,68.09999913,3529.386509,2856.35124,69.09999913,68.09999913,70.09999913
20-Jan-17,68.07500231,3620.082078,2861.467761,69.07500231,68.07500231,70.07500231
23-Jan-17,68.05100096,3606.641817,2878.874245,69.05100096,68.05100096,70.05100096
24-Jan-17,68.13799771,3633.169759,2874.504867,69.13799771,68.13799771,70.13799771
25-Jan-17,67.98799985,3618.146796,2849.790398,68.98799985,67.98799985,69.98799985
27-Jan-17,68.10499884,3644.434813,2819.625723,69.10499884,68.10499884,70.10499884
01-Feb-17,67.41500013,3594.08462,2880.441514,68.41500013,67.41500013,69.41500013
02-Feb-17,67.21000128,3630.983776,2893.845081,68.21000128,67.21000128,69.21000128
03-Feb-17,67.18400139,3621.118743,2884.745753,68.18400139,67.18400139,69.18400139
06-Feb-17,67.19499854,3610.686234,2907.238734,68.19499854,67.19499854,69.19499854
07-Feb-17,67.34999976,3542.224869,2927.871876,68.34999976,67.34999976,69.34999976
08-Feb-17,67.05000046,3493.961457,2933.635302,68.05000046,67.05000046,69.05000046
09-Feb-17,66.76499816,3538.382291,2923.77998,67.76499816,66.76499816,68.76499816
10-Feb-17,66.85400049,3588.652853,2903.465577,67.85400049,66.85400049,68.85400049
13-Feb-17,66.97500171,3576.281771,2907.162667,67.97500171,66.97500171,68.97500171
14-Feb-17,66.83500176,3567.753693,2907.517678,67.83500176,66.83500176,68.83500176
15-Feb-17,66.87500013,3552.064725,2901.755272,67.87500013,66.87500013,68.87500013
16-Feb-17,67.08000021,3568.91201,2931.193171,68.08000021,67.08000021,69.08000021
17-Feb-17,67.08000021,3576.572525,2938.005153,68.08000021,67.08000021,69.08000021
20-Feb-17,66.90500012,3627.30339,2925.148378,67.90500012,66.90500012,68.90500012
21-Feb-17,66.98500172,3662.97902,2919.111422,67.98500172,66.98500172,68.98500172
22-Feb-17,66.94999906,3621.877096,2925.38798,67.94999906,66.94999906,68.94999906
23-Feb-17,66.68999927,3641.367688,2935.236932,67.68999927,66.68999927,68.68999927
24-Feb-17,66.64499816,3613.060568,2959.718235,67.64499816,66.64499816,68.64499816
27-Feb-17,66.69999888,3634.601844,2964.060763,67.69999888,66.69999888,68.69999888
28-Feb-17,66.72500211,3592.484982,2956.541792,67.72500211,66.72500211,68.72500211
01-Mar-17,66.86500163,3622.865835,2937.789372,67.86500163,66.86500163,68.86500163
02-Mar-17,66.78500078,3560.20501,2929.304173,67.78500078,66.78500078,68.78500078
03-Mar-17,66.78000123,3541.733497,2906.520488,67.78000123,66.78000123,68.78000123
06-Mar-17,66.67500104,3551.590376,2906.841542,67.67500104,66.67500104,68.67500104
07-Mar-17,66.62499939,3563.942161,2884.795684,67.62499939,66.62499939,68.62499939
08-Mar-17,66.76499816,3496.306269,2867.342404,67.76499816,66.76499816,68.76499816
09-Mar-17,66.68999927,3318.698555,2850.107164,67.68999927,66.68999927,68.68999927
10-Mar-17,66.55500069,3291.315258,2833.61575,67.55500069,66.55500069,68.55500069
13-Mar-17,66.180001,3206.184223,2826.447636,67.180001,66.180001,68.180001
14-Mar-17,65.77499886,3160.424245,2815.949538,66.77499886,65.77499886,67.77499886
15-Mar-17,65.63000142,3190.264235,2797.327992,66.63000142,65.63000142,67.63000142
16-Mar-17,65.38499864,3209.905278,2843.809453,66.38499864,65.38499864,67.38499864
17-Mar-17,65.47499984,3204.661692,2849.18143,66.47499984,65.47499984,67.47499984
20-Mar-17,65.34499872,3176.089657,2854.101201,66.34499872,65.34499872,67.34499872
21-Mar-17,65.34499872,3205.268295,2858.147292,66.34499872,65.34499872,67.34499872
22-Mar-17,65.45499864,3140.510812,2886.744359,66.45499864,65.45499864,67.45499864
23-Mar-17,65.45499864,3157.863772,2885.536537,66.45499864,65.45499864,67.45499864
24-Mar-17,65.42500048,3144.123867,2877.888321,66.42500048,65.42500048,67.42500048
27-Mar-17,64.99499961,3106.327662,2888.053279,65.99499961,64.99499961,66.99499961
28-Mar-17,65.04499943,3154.27885,2883.789068,66.04499943,65.04499943,67.04499943
29-Mar-17,64.87500079,3184.30553,2869.671021,65.87500079,64.87500079,66.87500079
30-Mar-17,64.86000001,3246.229996,2867.103996,65.86000001,64.86000001,66.86000001
31-Mar-17,64.86000001,3267.954846,2858.220815,65.86000001,64.86000001,66.86000001
03-Apr-17,64.98500211,3288.420182,2877.813782,65.98500211,64.98500211,66.98500211
04-Apr-17,65.07999894,3312.262289,2905.414239,66.07999894,65.07999894,67.07999894
05-Apr-17,64.87500079,3346.54703,2887.261115,65.87500079,64.87500079,66.87500079
06-Apr-17,64.60599806,3333.358912,2881.537127,65.60599806,64.60599806,66.60599806
07-Apr-17,64.26999981,3363.390684,2885.902941,65.26999981,64.26999981,66.26999981
10-Apr-17,64.6050005,3407.398225,2871.022199,65.6050005,64.6050005,66.6050005
11-Apr-17,64.55499947,3428.392682,2897.450533,65.55499947,64.55499947,66.55499947
12-Apr-17,64.68999906,3458.863806,2923.762883,65.68999906,64.68999906,66.68999906
13-Apr-17,64.44499839,3424.426063,2935.323091,65.44499839,64.44499839,66.44499839
17-Apr-17,64.47999943,3409.573558,2943.028848,65.47999943,64.47999943,66.47999943
18-Apr-17,64.6050005,3393.026819,2937.694439,65.6050005,64.6050005,66.6050005
19-Apr-17,64.66500038,3373.272182,2931.511106,65.66500038,64.66500038,66.66500038
20-Apr-17,64.62000047,3309.283767,2926.012839,65.62000047,64.62000047,66.62000047
21-Apr-17,64.65000041,3255.774644,2932.912558,65.65000041,64.65000041,66.65000041
24-Apr-17,64.49000018,3211.87033,2907.619125,65.49000018,64.49000018,66.49000018
25-Apr-17,64.32999952,3176.887791,2891.360038,65.32999952,64.32999952,66.32999952
26-Apr-17,64.13000023,3189.518425,2872.721214,65.13000023,64.13000023,66.13000023
27-Apr-17,64.11500077,3142.274224,2877.275565,65.11500077,64.11500077,66.11500077
28-Apr-17,64.2899983,3181.486954,2885.045367,65.2899983,64.2899983,66.2899983
01-May-17,64.25500085,3150.152758,2875.83579,65.25500085,64.25500085,66.25500085
02-May-17,64.16500158,3133.194084,2860.084659,65.16500158,64.16500158,66.16500158
03-May-17,64.16500158,3074.74288,2852.220739,65.16500158,64.16500158,66.16500158
04-May-17,64.21499798,3004.703634,2815.901962,65.21499798,64.21499798,66.21499798
05-May-17,64.3150015,2937.087142,2816.322277,65.3150015,64.3150015,66.3150015
08-May-17,64.35999998,2982.448749,2812.820837,65.35999998,64.35999998,66.35999998
09-May-17,64.67999894,2993.860934,2807.584972,65.67999894,64.67999894,66.67999894
10-May-17,64.61499832,3033.345759,2806.859966,65.61499832,64.61499832,66.61499832
11-May-17,64.40499924,3091.192602,2800.01456,65.40499924,64.40499924,66.40499924
12-May-17,64.24300095,3072.344123,2804.96254,65.24300095,64.24300095,66.24300095
15-May-17,64.06499984,3152.06737,2806.844209,65.06499984,64.06499984,66.06499984
16-May-17,64.0450016,3142.739087,2809.572776,65.0450016,64.0450016,66.0450016
17-May-17,64.13000023,3141.467067,2841.231958,65.13000023,64.13000023,66.13000023
18-May-17,64.88000119,3170.682817,2881.371072,65.88000119,64.88000119,66.88000119
19-May-17,64.56499849,3255.832851,2865.970045,65.56499849,64.56499849,66.56499849
22-May-17,64.5099985,3310.672668,2870.35469,65.5099985,64.5099985,66.5099985
23-May-17,64.89499859,3318.062666,2886.97771,65.89499859,64.89499859,66.89499859
24-May-17,64.76999817,3345.014349,2870.297018,65.76999817,64.76999817,66.76999817
25-May-17,64.55499947,3267.33221,2871.079899,65.55499947,64.55499947,66.55499947
26-May-17,64.5099985,3171.03595,2883.157172,65.5099985,64.5099985,66.5099985
29-May-17,64.5400005,3230.090129,2889.714063,65.5400005,64.5400005,66.5400005
30-May-17,64.63499905,3203.989265,2888.403637,65.63499905,64.63499905,66.63499905
31-May-17,64.5099985,3139.232413,2883.922134,65.5099985,64.5099985,66.5099985
01-Jun-17,64.47799966,3145.859222,2891.870086,65.47799966,64.47799966,66.47799966
02-Jun-17,64.41500164,3062.817494,2896.678379,65.41500164,64.41500164,66.41500164
05-Jun-17,64.3499981,3065.66235,2923.027906,65.3499981,64.3499981,66.3499981
06-Jun-17,64.43000067,3061.711628,2946.870865,65.43000067,64.43000067,66.43000067
07-Jun-17,64.43499913,3030.468227,2947.722148,65.43499913,64.43499913,66.43499913
08-Jun-17,64.25000138,2948.068676,2922.780148,65.25000138,64.25000138,66.25000138
09-Jun-17,64.24499856,2947.335139,2901.064981,65.24499856,64.24499856,66.24499856
12-Jun-17,64.47999943,2986.295484,2898.87002,65.47999943,64.47999943,66.47999943
13-Jun-17,64.34500039,2974.289412,2890.064824,65.34500039,64.34500039,66.34500039
14-Jun-17,64.23499938,2925.658928,2898.626341,65.23499938,64.23499938,66.23499938
15-Jun-17,64.56499849,2878.991507,2879.26383,65.56499849,64.56499849,66.56499849
16-Jun-17,64.46500205,2886.266919,2873.860514,65.46500205,64.46500205,66.46500205
19-Jun-17,64.49499964,2887.674797,2859.430401,65.49499964,64.49499964,66.49499964
20-Jun-17,64.5400005,2831.443107,2853.734683,65.5400005,64.5400005,66.5400005
21-Jun-17,64.5300009,2808.207121,2856.79188,65.5300009,64.5300009,66.5300009
22-Jun-17,64.6050005,2775.535006,2868.543268,65.6050005,64.6050005,66.6050005
23-Jun-17,64.50500088,2778.660865,2874.521392,65.50500088,64.50500088,66.50500088
26-Jun-17,64.43499913,2789.667833,2845.014965,65.43499913,64.43499913,66.43499913
27-Jun-17,64.47499814,2844.526288,2857.379611,65.47499814,64.47499814,66.47499814
28-Jun-17,64.52500018,2872.217217,2864.22978,65.52500018,64.52500018,66.52500018
29-Jun-17,64.65999962,2923.783943,2853.930147,65.65999962,64.65999962,66.65999962
30-Jun-17,64.62000047,2944.113363,2848.337425,65.62000047,64.62000047,66.62000047
03-Jul-17,64.84500196,3017.284629,2825.936445,65.84500196,64.84500196,66.84500196
04-Jul-17,64.78999845,3055.606887,2813.913112,65.78999845,64.78999845,66.78999845
05-Jul-17,64.79999902,2997.862049,2810.575634,65.79999902,64.79999902,66.79999902
06-Jul-17,64.72499869,2977.477065,2813.453937,65.72499869,64.72499869,66.72499869
07-Jul-17,64.62499922,2876.34003,2793.218067,65.62499922,64.62499922,66.62499922
10-Jul-17,64.47499814,2858.254766,2770.604989,65.47499814,64.47499814,66.47499814
11-Jul-17,64.56499849,2877.274932,2775.64978,65.56499849,64.56499849,66.56499849
12-Jul-17,64.47499814,2955.91295,2789.781588,65.47499814,64.47499814,66.47499814
13-Jul-17,64.45999893,2941.695527,2788.272526,65.45999893,64.45999893,66.45999893
14-Jul-17,64.42399856,2983.932444,2792.180777,65.42399856,64.42399856,66.42399856
17-Jul-17,64.34500039,2994.242485,2808.468093,65.34500039,64.34500039,66.34500039
18-Jul-17,64.31599839,2983.188789,2821.447515,65.31599839,64.31599839,66.31599839
19-Jul-17,64.26999981,3012.614831,2822.299553,65.26999981,64.26999981,66.26999981
20-Jul-17,64.37499827,3056.741491,2824.571513,65.37499827,64.37499827,66.37499827
21-Jul-17,64.38499963,3000.454616,2842.459523,65.38499963,64.38499963,66.38499963
24-Jul-17,64.39499996,2975.170046,2855.975987,65.39499996,64.39499996,66.39499996
25-Jul-17,64.38499963,3050.099838,2849.60362,65.38499963,64.38499963,66.38499963
26-Jul-17,64.35500072,3125.655532,2836.710437,65.35500072,64.35500072,66.35500072
27-Jul-17,64.12499963,3136.781217,2854.907872,65.12499963,64.12499963,66.12499963
28-Jul-17,64.11500077,3173.387956,2860.043759,65.11500077,64.11500077,66.11500077
01-Aug-17,64.09500007,3178.980223,2870.989228,65.09500007,64.09500007,66.09500007
02-Aug-17,63.63500185,3132.143755,2858.841826,64.63500185,63.63500185,65.63500185
03-Aug-17,63.70499998,3161.161286,2847.737188,64.70499998,63.70499998,65.70499998
04-Aug-17,63.67499873,3126.537954,2849.481822,64.67499873,63.67499873,65.67499873
07-Aug-17,63.84000163,3134.395701,2841.159307,64.84000163,63.84000163,65.84000163
08-Aug-17,63.69199976,3147.433048,2843.000958,64.69199976,63.69199976,65.69199976
09-Aug-17,63.85999845,3153.933694,2871.434396,64.85999845,63.85999845,65.85999845
10-Aug-17,64.09500007,3176.760897,2906.385329,65.09500007,64.09500007,66.09500007
11-Aug-17,64.13999966,3105.004286,2920.611927,65.13999966,64.13999966,66.13999966
14-Aug-17,64.09000082,3112.745012,2908.743975,65.09000082,64.09000082,66.09000082
16-Aug-17,64.17000019,3054.59965,2888.862568,65.17000019,64.17000019,66.17000019
17-Aug-17,64.17000019,3004.958626,2915.562397,65.17000019,64.17000019,66.17000019
18-Aug-17,64.09500007,3051.866899,2927.53759,65.09500007,64.09500007,66.09500007
21-Aug-17,64.1099984,3090.009343,2918.480989,65.1099984,64.1099984,66.1099984
22-Aug-17,64.07199847,3073.78527,2912.955076,65.07199847,64.07199847,66.07199847
23-Aug-17,64.0450016,3082.31977,2914.483233,65.0450016,64.0450016,66.0450016
24-Aug-17,64.0450016,3072.559715,2910.852239,65.0450016,64.0450016,66.0450016
25-Aug-17,64.00500161,3058.360521,2909.751158,65.00500161,64.00500161,66.00500161
28-Aug-17,63.90499934,3008.790228,2932.577119,64.90499934,63.90499934,65.90499934
29-Aug-17,64.01499897,2976.861974,2979.293907,65.01499897,64.01499897,66.01499897
30-Aug-17,63.98999913,2966.626566,2955.231203,64.98999913,63.98999913,65.98999913
31-Aug-17,63.93500112,2997.636519,2957.442404,64.93500112,63.93500112,65.93500112
01-Sep-17,64.02499946,3010.646327,2977.98081,65.02499946,64.02499946,66.02499946
04-Sep-17,64.04000195,3043.163318,3013.85469,65.04000195,64.04000195,66.04000195
05-Sep-17,64.10500091,3101.196371,3012.883088,65.10500091,64.10500091,66.10500091
06-Sep-17,64.06000116,3149.898741,3019.816033,65.06000116,64.06000116,66.06000116
07-Sep-17,64.01499897,3140.71821,3020.18997,65.01499897,64.01499897,66.01499897
08-Sep-17,63.78500066,3107.871588,3035.850357,64.78500066,63.78500066,65.78500066
11-Sep-17,63.93500112,3052.53014,3001.894195,64.93500112,63.93500112,65.93500112
12-Sep-17,64.03100125,3085.85059,2988.857539,65.03100125,64.03100125,66.03100125
13-Sep-17,64.0099999,3127.8896,2994.971443,65.0099999,64.0099999,66.0099999
14-Sep-17,64.12300125,3202.036291,2988.759276,65.12300125,64.12300125,66.12300125
15-Sep-17,64.1099984,3195.448184,2992.954585,65.1099984,64.1099984,66.1099984
18-Sep-17,64.15799908,3196.673612,2966.619596,65.15799908,64.15799908,66.15799908
19-Sep-17,64.29999807,3218.554609,2962.032665,65.29999807,64.29999807,66.29999807
20-Sep-17,64.29299914,3262.715153,2975.384643,65.29299914,64.29299914,66.29299914
21-Sep-17,64.80999847,3285.465355,2953.755996,65.80999847,64.80999847,66.80999847
22-Sep-17,64.79499834,3290.153403,2964.614363,65.79499834,64.79499834,66.79499834
25-Sep-17,65.12699928,3346.532661,2978.353328,66.12699928,65.12699928,67.12699928
26-Sep-17,65.45999887,3408.406663,3001.515765,66.45999887,65.45999887,67.45999887
27-Sep-17,65.71499957,3425.000003,2980.039694,66.71499957,65.71499957,67.71499957
28-Sep-17,65.47000161,3423.657964,2964.016836,66.47000161,65.47000161,67.47000161
29-Sep-17,65.30999946,3374.346815,2966.425991,66.30999946,65.30999946,67.30999946
03-Oct-17,65.4849986,3314.63103,2949.626282,66.4849986,65.4849986,67.4849986
04-Oct-17,65.03000029,3281.374403,2947.600506,66.03000029,65.03000029,67.03000029
05-Oct-17,65.14500105,3293.951442,2943.323365,66.14500105,65.14500105,67.14500105
06-Oct-17,65.39999948,3268.104916,2942.959558,66.39999948,65.39999948,67.39999948
09-Oct-17,65.35500052,3241.946271,2971.379671,66.35500052,65.35500052,67.35500052
10-Oct-17,65.25000212,3290.851793,2981.203512,66.25000212,65.25000212,67.25000212
11-Oct-17,65.15999809,3334.17988,2977.413342,66.15999809,65.15999809,67.15999809
12-Oct-17,65.06000126,3296.369303,2983.186759,66.06000126,65.06000126,67.06000126
13-Oct-17,64.69999808,3328.711978,2981.043544,65.69999808,64.69999808,66.69999808
16-Oct-17,64.69999808,3368.243119,2990.824152,65.69999808,64.69999808,66.69999808
17-Oct-17,65.03000029,3367.085727,2968.327941,66.03000029,65.03000029,67.03000029
18-Oct-17,65.05499847,3392.395574,2959.105167,66.05499847,65.05499847,67.05499847
19-Oct-17,64.99499961,3355.851531,2966.346796,65.99499961,64.99499961,66.99499961
20-Oct-17,65.03999895,3355.452143,2958.247298,66.03999895,65.03999895,67.03999895
23-Oct-17,65.02299798,3390.724004,2946.92297,66.02299798,65.02299798,67.02299798
24-Oct-17,65.09000027,3403.974578,2952.238683,66.09000027,65.09000027,67.09000027
25-Oct-17,64.92500156,3398.851227,2939.697975,65.92500156,64.92500156,66.92500156
26-Oct-17,64.83999855,3398.312529,2935.969442,65.83999855,64.83999855,66.83999855
27-Oct-17,65.03999895,3461.882828,2926.560881,66.03999895,65.03999895,67.03999895
30-Oct-17,64.86000001,3512.631062,2930.076651,65.86000001,64.86000001,66.86000001
31-Oct-17,64.75000186,3511.330222,2925.079928,65.75000186,64.75000186,66.75000186
01-Nov-17,64.56499849,3533.100581,2922.122513,65.56499849,64.56499849,66.56499849
02-Nov-17,64.5750006,3511.942044,2926.817847,65.5750006,64.5750006,66.5750006
03-Nov-17,64.56000068,3547.427608,2918.51506,65.56000068,64.56000068,66.56000068
06-Nov-17,64.62499922,3641.366438,2922.968099,65.62499922,64.62499922,66.62499922
07-Nov-17,65.06000126,3727.188037,2940.804545,66.06000126,65.06000126,67.06000126
08-Nov-17,64.91999844,3706.970646,2950.270245,65.91999844,64.91999844,66.91999844
09-Nov-17,64.97499924,3715.985551,2957.048865,65.97499924,64.97499924,66.97499924
10-Nov-17,65.19000017,3726.967333,2959.367879,66.19000017,65.19000017,67.19000017
13-Nov-17,65.43999826,3719.133522,2957.45115,66.43999826,65.43999826,67.43999826
14-Nov-17,65.41000101,3669.050097,2954.340665,66.41000101,65.41000101,67.41000101
15-Nov-17,65.27000176,3609.15216,2962.699612,66.27000176,65.27000176,67.27000176
16-Nov-17,65.29500151,3606.699499,2949.904718,66.29500151,65.29500151,67.29500151
17-Nov-17,65.01499961,3639.73186,2951.785535,66.01499961,65.01499961,67.01499961
20-Nov-17,65.10000044,3672.320039,2958.807482,66.10000044,65.10000044,67.10000044
21-Nov-17,64.88000119,3686.78801,2937.703069,65.88000119,64.88000119,66.88000119
22-Nov-17,64.88000119,3748.978703,2943.366682,65.88000119,64.88000119,66.88000119
23-Nov-17,64.57000124,3766.479905,2947.374626,65.57000124,64.57000124,66.57000124
24-Nov-17,64.67999894,3797.017759,2944.666767,65.67999894,64.67999894,66.67999894
27-Nov-17,64.47700189,3759.349694,2949.91342,65.47700189,64.47700189,66.47700189
28-Nov-17,64.40999798,3726.253766,2944.198604,65.40999798,64.40999798,66.40999798
29-Nov-17,64.35999998,3713.719368,2937.599511,65.35999998,64.35999998,66.35999998
30-Nov-17,64.49000018,3710.878396,2923.805625,65.49000018,64.49000018,66.49000018
01-Dec-17,64.52000023,3760.902126,2928.883773,65.52000023,64.52000023,66.52000023
04-Dec-17,64.38000064,3723.229751,2914.763569,65.38000064,64.38000064,66.38000064
05-Dec-17,64.35999998,3703.556774,2905.000668,65.35999998,64.35999998,66.35999998
06-Dec-17,64.5300009,3669.756831,2898.3491,65.5300009,64.5300009,66.5300009
07-Dec-17,64.57000124,3634.378425,2877.764092,65.57000124,64.57000124,66.57000124
08-Dec-17,64.47999943,3690.855158,2854.500405,65.47999943,64.47999943,66.47999943
11-Dec-17,64.35500072,3698.185006,2844.343312,65.35500072,64.35500072,66.35500072
12-Dec-17,64.40999798,3739.102037,2819.538272,65.40999798,64.40999798,66.40999798
13-Dec-17,64.45999893,3686.399226,2816.528516,65.45999893,64.45999893,66.45999893
14-Dec-17,64.33999932,3635.552233,2833.961056,65.33999932,64.33999932,66.33999932
15-Dec-17,64.08000055,3669.15408,2829.887003,65.08000055,64.08000055,66.08000055
18-Dec-17,64.2100006,3687.167898,2839.166875,65.2100006,64.2100006,66.2100006
19-Dec-17,64.06000116,3689.283382,2844.343312,65.06000116,64.06000116,66.06000116
20-Dec-17,64.11500077,3705.746218,2847.518245,65.11500077,64.11500077,66.11500077
21-Dec-17,64.01999882,3719.11586,2849.286966,65.01999882,64.01999882,66.01999882
22-Dec-17,64.01999882,3725.114232,2857.183674,65.01999882,64.01999882,66.01999882
26-Dec-17,64.05000204,3786.858374,2876.489302,65.05000204,64.05000204,66.05000204
27-Dec-17,64.11999981,3824.903907,2890.01471,65.11999981,64.11999981,66.11999981
28-Dec-17,64.08000055,3822.854538,2902.403771,65.08000055,64.08000055,66.08000055
29-Dec-17,63.84000163,3845.180845,2904.91628,64.84000163,63.84000163,65.84000163
01-Jan-18,63.67999833,3824.551322,2913.846306,64.67999833,63.67999833,65.67999833
02-Jan-18,63.45999907,3836.70322,2917.467755,64.45999907,63.45999907,65.45999907
03-Jan-18,63.50499835,3871.198635,2922.122513,64.50499835,63.50499835,65.50499835
04-Jan-18,63.39999864,3923.56972,2914.899509,64.39999864,63.39999864,65.39999864
05-Jan-18,63.33999923,3893.756509,2922.199364,64.33999923,63.33999923,65.33999923
08-Jan-18,63.4749998,3908.16958,2923.070627,64.4749998,63.4749998,65.4749998
09-Jan-18,63.66999992,3962.762441,2920.654577,64.66999992,63.66999992,65.66999992
10-Jan-18,63.63000121,4039.257682,2929.329916,64.63000121,63.63000121,65.63000121
11-Jan-18,63.68999988,4081.322926,2934.246471,64.68999988,63.68999988,65.68999988
12-Jan-18,63.60999845,4039.904202,2949.652383,64.60999845,63.60999845,65.60999845
15-Jan-18,63.51500148,4092.156095,2972.042001,64.51500148,63.51500148,65.51500148
16-Jan-18,64.01999882,4099.012604,2979.986411,65.01999882,64.01999882,66.01999882
17-Jan-18,63.88499882,4069.573382,2976.332206,64.88499882,63.88499882,65.88499882
18-Jan-18,63.86999951,4081.321146,2961.681761,64.86999951,63.86999951,65.86999951
19-Jan-18,63.83000181,4037.687761,2971.326697,64.83000181,63.83000181,65.83000181
22-Jan-18,63.8899988,4058.669883,2980.092979,64.8899988,63.8899988,65.8899988
23-Jan-18,63.76000123,4098.224693,2987.419974,64.76000123,63.76000123,65.76000123
24-Jan-18,63.66000059,4123.891306,3010.008278,64.66000059,63.66000059,65.66000059
25-Jan-18,63.51500148,4202.835264,3033.336367,64.51500148,63.51500148,65.51500148
29-Jan-18,63.60000178,4182.06353,3006.831521,64.60000178,63.60000178,65.60000178
30-Jan-18,63.68999988,4122.604351,3005.530176,64.68999988,63.68999988,65.68999988
31-Jan-18,63.55000092,4089.633999,3007.129905,64.55000092,63.55000092,65.55000092
01-Feb-18,63.98000139,4172.085463,3026.671025,64.98000139,63.98000139,65.98000139
02-Feb-18,64.13000023,4198.583019,3044.788844,65.13000023,64.13000023,66.13000023
05-Feb-18,64.13999966,4156.045122,3029.320796,65.13999966,64.13999966,66.13999966
06-Feb-18,64.22999889,4096.334813,3043.278463,65.22999889,64.22999889,66.22999889
07-Feb-18,64.28000163,4039.519487,3013.282549,65.28000163,64.28000163,66.28000163
08-Feb-18,64.29999807,3948.958886,2993.097916,65.29999807,64.29999807,66.29999807
09-Feb-18,64.37499827,3866.322097,3000.903272,65.37499827,64.37499827,66.37499827
12-Feb-18,64.28000163,3864.127716,3011.476738,65.28000163,64.28000163,66.28000163
13-Feb-18,64.264998,3786.211405,3019.141356,65.264998,64.264998,66.264998
14-Feb-18,64.1000001,3786.81039,3035.776628,65.1000001,64.1000001,66.1000001
15-Feb-18,63.9000011,3879.562199,3060.18153,64.9000011,63.9000011,65.9000011
16-Feb-18,64.21499798,3938.009669,3076.979883,65.21499798,64.21499798,66.21499798
19-Feb-18,64.25000138,4023.210203,3075.560367,65.25000138,64.25000138,66.25000138
20-Feb-18,64.86000001,4025.904127,3062.674572,65.86000001,64.86000001,66.86000001
21-Feb-18,64.80500046,3987.312088,3046.653404,65.80500046,64.80500046,66.80500046
22-Feb-18,64.97499924,4035.453571,3047.433299,65.97499924,64.97499924,66.97499924
23-Feb-18,64.71000019,4090.365045,3047.442586,65.71000019,64.71000019,66.71000019
26-Feb-18,64.76999817,4131.787672,3059.245345,65.76999817,64.76999817,66.76999817
27-Feb-18,64.91999844,4130.656329,3047.498309,65.91999844,64.91999844,66.91999844
28-Feb-18,65.21000131,4088.055902,3037.131976,66.21000131,65.21000131,67.21000131
01-Mar-18,65.23000197,3991.86988,3020.983753,66.23000197,65.23000197,67.23000197
02-Mar-18,65.2200001,3971.398001,3046.43993,66.2200001,65.2200001,67.2200001
05-Mar-18,65.02500211,4033.243954,3046.087301,66.02500211,65.02500211,67.02500211
06-Mar-18,64.90499791,4072.743611,3052.074495,65.90499791,64.90499791,66.90499791
07-Mar-18,64.88000119,4020.40825,3053.658894,65.88000119,64.88000119,66.88000119
08-Mar-18,65.10500167,3960.805645,3046.690532,66.10500167,65.10500167,67.10500167
09-Mar-18,65.12500158,3974.408714,3037.067408,66.12500158,65.12500158,67.12500158
12-Mar-18,64.98500211,3993.014817,3033.612426,65.98500211,64.98500211,66.98500211
13-Mar-18,64.85499849,3958.696021,3033.078757,65.85499849,64.85499849,66.85499849
14-Mar-18,64.83999855,3945.229387,3044.964998,65.83999855,64.83999855,66.83999855
15-Mar-18,64.98999836,3974.362715,3035.822708,65.98999836,64.98999836,66.98999836
16-Mar-18,64.98999836,4012.940799,3025.141955,65.98999836,64.98999836,66.98999836
19-Mar-18,65.2200001,4041.115176,3028.522626,66.2200001,65.2200001,67.2200001
20-Mar-18,65.21000131,4132.641502,3028.229152,66.21000131,65.21000131,67.21000131
21-Mar-18,65.18000207,4210.490911,3039.134941,66.18000207,65.18000207,67.18000207
22-Mar-18,65.10500167,4223.984828,3057.262527,66.10500167,65.10500167,67.10500167
23-Mar-18,64.98999836,4236.984599,3083.07975,65.98999836,64.98999836,66.98999836
26-Mar-18,64.82500134,4253.768357,3088.81263,65.82500134,64.82500134,66.82500134
27-Mar-18,64.94500068,4259.465984,3081.778063,65.94500068,64.94500068,66.94500068
28-Mar-18,65.15999809,4197.914311,3071.668162,66.15999809,65.15999809,67.15999809
29-Mar-18,65.11499797,4209.450025,3051.897517,66.11499797,65.11499797,67.11499797
02-Apr-18,65.12999817,4175.099833,3077.349171,66.12999817,65.12999817,67.12999817
03-Apr-18,65.00000163,4121.656357,3080.297187,66.00000163,65.00000163,67.00000163
04-Apr-18,65.04499943,4087.714091,3093.89667,66.04499943,65.04499943,67.04499943
05-Apr-18,64.89000009,4127.420193,3061.418171,65.89000009,64.89000009,66.89000009
06-Apr-18,64.93000124,4081.632024,3063.800583,65.93000124,64.93000124,66.93000124
09-Apr-18,64.95499853,4084.535737,3070.442082,65.95499853,64.95499853,66.95499853
10-Apr-18,64.94999922,4202.675839,3082.044012,65.94999922,64.94999922,66.94999922
11-Apr-18,65.26000041,4319.024097,3123.350481,66.26000041,65.26000041,67.26000041
12-Apr-18,65.29000088,4352.549411,3115.255093,66.29000088,65.29000088,67.29000088
13-Apr-18,65.25500088,4386.707466,3105.069336,66.25500088,65.25500088,67.25500088
16-Apr-18,65.47000161,4354.902042,3125.673973,66.47000161,65.47000161,67.47000161
17-Apr-18,65.67999982,4343.915293,3130.635143,66.67999982,65.67999982,67.67999982
18-Apr-18,65.72000073,4442.404062,3144.446436,66.72000073,65.72000073,67.72000073
19-Apr-18,65.86999976,4541.772266,3153.987113,66.86999976,65.86999976,67.86999976
20-Apr-18,66.20999865,4515.321155,3145.326674,67.20999865,66.20999865,68.20999865
23-Apr-18,66.53000074,4521.090751,3130.321547,67.53000074,66.53000074,68.53000074
24-Apr-18,66.41000087,4576.49983,3128.411924,67.41000087,66.41000087,68.41000087
25-Apr-18,66.91999901,4539.247804,3138.032642,67.91999901,66.91999901,68.91999901
26-Apr-18,66.80500201,4566.414641,3129.253829,67.80500201,66.80500201,68.80500201
27-Apr-18,66.62000158,4541.450133,3119.92038,67.62000158,66.62000158,68.62000158
30-Apr-18,66.45999823,4528.864442,3102.997806,67.45999823,66.45999823,68.45999823
01-May-18,66.79999947,4516.937913,3091.983415,67.79999947,66.79999947,68.79999947
02-May-18,66.68999927,4503.231814,3095.898554,67.68999927,66.68999927,68.68999927
03-May-18,66.67000017,4529.171504,3100.929038,67.67000017,66.67000017,68.67000017
04-May-18,66.82000075,4611.234745,3105.551484,67.82000075,66.82000075,68.82000075
07-May-18,67.13999918,4738.737974,3125.820528,68.13999918,67.13999918,69.13999918
08-May-18,67.12999791,4650.393716,3117.265286,68.12999791,67.12999791,69.12999791
09-May-18,67.34999976,4779.760107,3127.159695,68.34999976,67.34999976,69.34999976
10-May-18,67.24500057,4790.181627,3137.569889,68.24500057,67.24500057,69.24500057
11-May-18,67.35999864,4794.906296,3151.075147,68.35999864,67.35999864,69.35999864
14-May-18,67.55999902,4779.539398,3150.638319,68.55999902,67.55999902,69.55999902
15-May-18,68.07999836,4839.083955,3135.444951,69.07999836,68.07999836,70.07999836
16-May-18,67.77500028,4820.047166,3104.635531,68.77500028,67.77500028,69.77500028
17-May-18,67.76500182,4865.563585,3094.882921,68.76500182,67.76500182,69.76500182
18-May-18,67.99000139,4859.310837,3105.069336,68.99000139,67.99000139,69.99000139
21-May-18,68.11500046,4892.235999,3102.131475,69.11500046,68.11500046,70.11500046
22-May-18,68.02000169,4947.159087,3112.055793,69.02000169,68.02000169,70.02000169
23-May-18,68.37000039,4916.136531,3126.406883,69.37000039,68.37000039,70.37000039
24-May-18,68.33999888,4871.429552,3141.374414,69.33999888,68.33999888,70.33999888
25-May-18,67.73000058,4702.358097,3132.478793,68.73000058,67.73000058,69.73000058
28-May-18,67.40000115,4500.98942,3099.756359,68.40000115,67.40000115,69.40000115
29-May-18,67.84000017,4537.233024,3123.087109,68.84000017,67.84000017,69.84000017
30-May-18,67.44000116,4558.49894,3108.737417,68.44000116,67.44000116,69.44000116
31-May-18,67.43000125,4556.81599,3115.070712,68.43000125,67.43000125,69.43000125
01-Jun-18,66.99500023,4472.308674,3098.085383,67.99500023,66.99500023,68.99500023
04-Jun-18,67.06999881,4389.289116,3092.557143,68.06999881,67.06999881,69.06999881
05-Jun-18,67.09999846,4358.317417,3095.074498,68.09999846,67.09999846,69.09999846
06-Jun-18,66.84000061,4361.173777,3094.566869,67.84000061,66.84000061,68.84000061
07-Jun-18,67.41999977,4403.441269,3108.119029,68.41999977,67.41999977,69.41999977
08-Jun-18,67.53000172,4443.925293,3122.999329,68.53000172,67.53000172,69.53000172
11-Jun-18,67.47000048,4426.206611,3116.58522,68.47000048,67.47000048,69.47000048
12-Jun-18,67.47999859,4475.704117,3114.915461,68.47999859,67.47999859,69.47999859
13-Jun-18,67.64499824,4483.332117,3115.196865,68.64499824,67.64499824,69.64499824
14-Jun-18,67.68999957,4513.774369,3134.688146,68.68999957,67.68999957,69.68999957
15-Jun-18,68.06000006,4485.293734,3121.576021,69.06000006,68.06000006,70.06000006
18-Jun-18,68.03999963,4417.930987,3097.778273,69.03999963,68.03999963,70.03999963
19-Jun-18,68.31000034,4429.62581,3099.343249,69.31000034,68.31000034,70.31000034
20-Jun-18,68.06000006,4474.90783,3083.935472,69.06000006,68.06000006,70.06000006
21-Jun-18,67.94500205,4447.067652,3061.755611,68.94500205,67.94500205,69.94500205
22-Jun-18,67.8700018,4575.875485,3061.165141,68.8700018,67.8700018,69.8700018
25-Jun-18,68.11500046,4680.53874,3067.936383,69.11500046,68.11500046,70.11500046
26-Jun-18,68.37000039,4715.66389,3055.898495,69.37000039,68.37000039,70.37000039
27-Jun-18,68.63999797,4946.561105,3063.950781,69.63999797,68.63999797,70.63999797
28-Jun-18,68.84000056,5041.627269,3061.31508,69.84000056,68.84000056,70.84000056
29-Jun-18,68.45999916,5057.349305,3043.296986,69.45999916,68.45999916,70.45999916
02-Jul-18,68.720002,5075.96386,3041.427281,69.720002,68.720002,70.720002
03-Jul-18,68.55000023,5086.236676,3040.567248,69.55000023,68.55000023,70.55000023
04-Jul-18,68.68999929,5082.493699,3059.797625,69.68999929,68.68999929,70.68999929
05-Jul-18,68.88000153,5080.788101,3062.496363,69.88000153,68.88000153,70.88000153
06-Jul-18,68.80500229,5025.525275,3062.093124,69.80500229,68.80500229,70.80500229
09-Jul-18,68.65999919,5054.931891,3069.03801,69.65999919,68.65999919,70.65999919
10-Jul-18,68.75499892,5094.482336,3055.66505,69.75499892,68.75499892,70.75499892
11-Jul-18,68.73000086,5005.236567,3042.047176,69.73000086,68.73000086,70.73000086
12-Jul-18,68.5200002,4811.028093,3022.316787,69.5200002,68.5200002,70.5200002
13-Jul-18,68.50000069,4833.30807,3012.837701,69.50000069,68.50000069,70.50000069
16-Jul-18,68.55000023,4757.403881,3017.747372,69.55000023,68.55000023,70.55000023
17-Jul-18,68.42999823,4632.631968,2994.245061,69.42999823,68.42999823,70.42999823
18-Jul-18,68.62499999,4639.737935,2972.165669,69.62499999,68.62499999,70.62499999
19-Jul-18,69.0200002,4731.104862,2979.222899,70.0200002,69.0200002,71.0200002
20-Jul-18,68.7399979,4707.017076,2985.359796,69.7399979,68.7399979,70.7399979
23-Jul-18,68.84500051,4729.258173,2991.316209,69.84500051,68.84500051,70.84500051
24-Jul-18,68.94700141,4720.235067,2988.196623,69.94700141,68.94700141,70.94700141
25-Jul-18,68.73000086,4746.148082,2992.963543,69.73000086,68.73000086,70.73000086
26-Jul-18,68.65999919,4778.357595,2988.37522,69.65999919,68.65999919,70.65999919
27-Jul-18,68.60500033,4755.954845,2977.84779,69.60500033,68.60500033,70.60500033
30-Jul-18,68.60500033,4799.171022,2979.76442,69.60500033,68.60500033,70.60500033
31-Jul-18,68.45999916,4750.076687,2978.238015,69.45999916,68.45999916,70.45999916
01-Aug-18,68.34999957,4649.90639,2975.402349,69.34999957,68.34999957,70.34999957
02-Aug-18,68.62499999,4671.365072,2970.126468,69.62499999,68.62499999,70.62499999
03-Aug-18,68.54500075,4714.858516,2962.796169,69.54500075,68.54500075,70.54500075
06-Aug-18,68.8299981,4767.111176,2965.537489,69.8299981,68.8299981,70.8299981
07-Aug-18,68.63000173,4766.567071,2966.681203,69.63000173,68.63000173,70.63000173
08-Aug-18,68.65999919,4654.378844,2962.778612,69.65999919,68.65999919,70.65999919
09-Aug-18,68.76000071,4601.975185,2966.857238,69.76000071,68.76000071,70.76000071
10-Aug-18,68.88999955,4629.32376,2971.3885,69.88999955,68.88999955,70.88999955
13-Aug-18,70.01999911,4681.872414,2982.21704,71.01999911,70.01999911,72.01999911
14-Aug-18,69.96000107,4731.312533,2972.704626,70.96000107,69.96000107,71.96000107
16-Aug-18,70.08999766,4572.640712,2941.51388,71.08999766,70.08999766,72.08999766
17-Aug-18,70.10000116,4612.349365,2936.892063,71.10000116,70.10000116,72.10000116
20-Aug-18,69.81999846,4597.733792,2946.367276,70.81999846,69.81999846,71.81999846
21-Aug-18,69.85999986,4615.908866,2957.591101,70.85999986,69.85999986,71.85999986
22-Aug-18,69.87000127,4724.952442,2972.218672,70.87000127,69.87000127,71.87000127
23-Aug-18,70.10499906,4762.644966,2962.199374,71.10499906,70.10499906,72.10499906
24-Aug-18,69.97000176,4822.196974,2974.579246,70.97000176,69.97000176,71.97000176
27-Aug-18,70.16500001,4819.032064,2998.806475,71.16500001,70.16500001,72.16500001
28-Aug-18,70.10000116,4833.493363,3012.465583,71.10000116,70.10000116,72.10000116
29-Aug-18,70.5349988,4883.35461,3013.527726,71.5349988,70.5349988,72.5349988
30-Aug-18,70.74499789,4964.237706,3020.728237,71.74499789,70.74499789,72.74499789
31-Aug-18,71.00500124,4970.219852,3024.803388,72.00500124,71.00500124,73.00500124
03-Sep-18,71.21499765,4976.02549,3021.056766,72.21499765,71.21499765,73.21499765
04-Sep-18,71.58499999,5042.926266,3022.298518,72.58499999,71.58499999,73.58499999
05-Sep-18,71.7550003,4956.7887,3035.601535,72.7550003,71.7550003,73.7550003
06-Sep-18,71.9499982,4912.822561,3057.729941,72.9499982,71.9499982,73.9499982
07-Sep-18,71.78999817,4858.588242,3048.213594,72.78999817,71.78999817,73.78999817
10-Sep-18,72.45500001,4936.076464,3063.828744,73.45500001,72.45500001,74.45500001
11-Sep-18,72.63999907,4967.786426,3065.735501,73.63999907,72.63999907,74.63999907
12-Sep-18,72.16000066,5075.638626,3058.786824,73.16000066,72.16000066,74.16000066
13-Sep-18,72.03700109,4955.76509,3056.421542,73.03700109,72.03700109,74.03700109
14-Sep-18,71.87999836,4947.511634,3052.782611,72.87999836,71.87999836,73.87999836
17-Sep-18,72.53999819,5011.726981,3071.639856,73.53999819,72.53999819,74.53999819
18-Sep-18,72.71000212,5055.590122,3080.344629,73.71000212,72.71000212,74.71000212
19-Sep-18,72.35999968,5100.73901,3080.041026,73.35999968,72.35999968,74.35999968
20-Sep-18,72.01499986,5092.625781,3064.467196,73.01499986,72.01499986,74.01499986
21-Sep-18,72.24000209,5126.599308,3072.470358,73.24000209,72.24000209,74.24000209
24-Sep-18,72.6699982,5253.943001,3081.92053,73.6699982,72.6699982,74.6699982
25-Sep-18,72.68499913,5275.761727,3086.057808,73.68499913,72.68499913,74.68499913
26-Sep-18,72.59999833,5236.881372,3075.815783,73.59999833,72.59999833,74.59999833
27-Sep-18,72.56999903,5248.948779,3055.795775,73.56999903,72.56999903,74.56999903
28-Sep-18,72.51000112,5284.061294,3048.510955,73.51000112,72.51000112,74.51000112
01-Oct-18,72.92499759,5404.678659,3079.177983,73.92499759,72.92499759,74.92499759
03-Oct-18,73.34499763,5538.107349,3131.841115,74.34499763,73.34499763,75.34499763
04-Oct-18,73.62999792,5574.232905,3140.812026,74.62999792,73.62999792,75.62999792
05-Oct-18,73.7699996,5528.748592,3151.690882,74.7699996,73.7699996,75.7699996
08-Oct-18,74.06499974,5471.257839,3134.000458,75.06499974,74.06499974,76.06499974
09-Oct-18,74.34000203,5546.859145,3132.518043,75.34000203,74.34000203,76.34000203
10-Oct-18,74.25000258,5501.89748,3133.970992,75.25000258,74.25000258,76.25000258
11-Oct-18,74.0499996,5320.975078,3171.260766,75.0499996,74.0499996,76.0499996
12-Oct-18,73.60999848,5264.377461,3183.770412,74.60999848,73.60999848,75.60999848
15-Oct-18,73.7699996,5285.012623,3214.586508,74.7699996,73.7699996,75.7699996
16-Oct-18,73.46500025,5261.121896,3203.085212,74.46500025,73.46500025,75.46500025
17-Oct-18,73.59999741,5210.150754,3191.553872,74.59999741,73.59999741,75.59999741
18-Oct-18,73.53000109,5090.008146,3199.037729,74.53000109,73.53000109,75.53000109
19-Oct-18,73.37500055,5087.877876,3193.541382,74.37500055,73.37500055,75.37500055
22-Oct-18,73.55999866,5101.285155,3186.1644,74.55999866,73.55999866,75.55999866
23-Oct-18,73.55000036,4984.507574,3213.956284,74.55000036,73.55000036,75.55000036
24-Oct-18,73.22999799,4916.916187,3191.553872,74.22999799,73.22999799,75.22999799
25-Oct-18,73.22999799,4920.387196,3196.890065,74.22999799,73.22999799,75.22999799
26-Oct-18,73.45999747,4918.810407,3205.354224,74.45999747,73.45999747,75.45999747
29-Oct-18,73.40000109,4945.303581,3193.286435,74.40000109,73.40000109,75.40000109
30-Oct-18,73.68000068,4887.703214,3184.906093,74.68000068,73.68000068,75.68000068
31-Oct-18,73.96000036,4916.813243,3180.519951,74.96000036,73.96000036,75.96000036
01-Nov-18,73.45500077,4735.029323,3184.652523,74.45500077,73.45500077,75.45500077
02-Nov-18,72.4399994,4613.555962,3170.737894,73.4399994,72.4399994,74.4399994
05-Nov-18,73.08000199,4626.931039,3177.801152,74.08000199,73.08000199,75.08000199
06-Nov-18,72.95499844,4565.749907,3176.902647,73.95499844,72.95499844,74.95499844
07-Nov-18,72.45000262,4563.353931,3161.385572,73.45000262,72.45000262,74.45000262
08-Nov-18,72.38000138,4444.520111,3136.192286,73.38000138,72.38000138,74.38000138
09-Nov-18,72.48000259,4357.452472,3117.051519,73.48000259,72.48000259,74.48000259
12-Nov-18,72.8599998,4440.533353,3111.106963,73.8599998,72.8599998,74.8599998
13-Nov-18,72.61500201,4223.709674,3084.496703,73.61500201,72.61500201,74.61500201
14-Nov-18,72.30999933,4065.002922,3068.755466,73.30999933,72.30999933,74.30999933
15-Nov-18,71.91499935,4069.951548,3085.610257,72.91499935,71.91499935,73.91499935
16-Nov-18,71.97999993,4118.273855,3098.863027,72.97999993,71.97999993,73.97999993
19-Nov-18,71.61000048,4059.552635,3090.84615,72.61000048,71.61000048,73.61000048
20-Nov-18,71.43000003,3990.961916,3088.831711,72.43000003,71.43000003,73.43000003
21-Nov-18,71.30499986,3904.163849,3081.531151,72.30499986,71.30499986,73.30499986
22-Nov-18,70.69000228,3850.875607,3076.430848,71.69000228,70.69000228,72.69000228
23-Nov-18,70.65500011,3632.954737,3052.037235,71.65500011,70.65500011,72.65500011
26-Nov-18,70.81999999,3650.834901,3061.615002,71.81999999,70.81999999,72.81999999
27-Nov-18,70.78499927,3658.798992,3055.87048,71.78499927,70.78499927,72.78499927
28-Nov-18,70.64000195,3650.907167,3038.386981,71.64000195,70.64000195,72.64000195
29-Nov-18,69.77999901,3562.519543,3033.842513,70.77999901,69.77999901,71.77999901
30-Nov-18,69.649999,3555.671633,3025.032141,70.649999,69.649999,71.649999
03-Dec-18,70.44000136,3741.880368,3072.121115,71.44000136,70.44000136,72.44000136
04-Dec-18,70.52999909,3789.307117,3102.150721,71.52999909,70.52999909,72.52999909
05-Dec-18,70.55999801,3772.258351,3097.855045,71.55999801,70.55999801,72.55999801
06-Dec-18,70.85000021,3652.981402,3119.638122,71.85000021,70.85000021,72.85000021
07-Dec-18,70.8600009,3725.720494,3132.243313,71.8600009,70.8600009,72.8600009
10-Dec-18,72.51999739,3747.352185,3185.362622,73.51999739,72.51999739,74.51999739
11-Dec-18,72.29099787,3729.761253,3188.429826,73.29099787,72.29099787,74.29099787
12-Dec-18,71.8399991,3772.486779,3178.316255,72.8399991,71.8399991,73.8399991
13-Dec-18,71.53000097,3678.822699,3159.777299,72.53000097,71.53000097,73.53000097
14-Dec-18,71.92000079,3749.445968,3156.336503,72.92000079,71.92000079,73.92000079
17-Dec-18,71.61000048,3656.258402,3149.298809,72.61000048,71.61000048,73.61000048
18-Dec-18,70.61999768,3453.050539,3133.597809,71.61999768,70.61999768,72.61999768
19-Dec-18,70.27899778,3339.023859,3117.751228,71.27899778,70.27899778,72.27899778
20-Dec-18,69.98000042,3280.122373,3113.945493,70.98000042,69.98000042,71.98000042
21-Dec-18,70.13999944,3235.87275,3126.455756,71.13999944,70.13999944,72.13999944
24-Dec-18,70.10499906,3169.17252,3138.377333,71.10499906,70.10499906,72.10499906
26-Dec-18,70.06999923,3093.101605,3160.086839,71.06999923,70.06999923,72.06999923
27-Dec-18,70.36099907,3208.158704,3166.440794,71.36099907,70.36099907,72.36099907
28-Dec-18,69.93299929,3185.077233,3165.969626,70.93299929,69.93299929,71.93299929
31-Dec-18,69.56999897,3202.915851,3145.771925,70.56999897,69.56999897,71.56999897
01-Jan-19,69.45300067,3182.176019,3141.463231,70.45300067,69.45300067,71.45300067
02-Jan-19,70.0000014,3213.679411,3159.67746,71.0000014,70.0000014,72.0000014
03-Jan-19,70.10999768,3269.449173,3182.392459,71.10999768,70.10999768,72.10999768
04-Jan-19,69.55000106,3364.208928,3166.130008,70.55000106,69.55000106,71.55000106
07-Jan-19,69.80299918,3428.063357,3163.025497,70.80299918,69.80299918,71.80299918
08-Jan-19,70.13999944,3457.488337,3165.829305,71.13999944,70.13999944,72.13999944
09-Jan-19,70.55999801,3611.347117,3183.932603,71.55999801,70.55999801,72.55999801
10-Jan-19,70.42000108,3667.735426,3202.962099,71.42000108,70.42000108,72.42000108
11-Jan-19,70.39900112,3690.989685,3200.112644,71.39900112,70.39900112,72.39900112
14-Jan-19,70.76000062,3621.38524,3213.346958,71.76000062,70.76000062,72.76000062
15-Jan-19,71.09999802,3657.854589,3219.834179,72.09999802,71.09999802,73.09999802
16-Jan-19,70.97999812,3696.694223,3225.619158,71.97999812,70.97999812,72.97999812
17-Jan-19,71.05000179,3678.54717,3231.132609,72.05000179,71.05000179,73.05000179
18-Jan-19,71.2100025,3779.121791,3218.486989,72.2100025,71.2100025,73.2100025
21-Jan-19,71.18800175,3872.687956,3208.398303,72.18800175,71.18800175,73.18800175
22-Jan-19,71.26000081,3791.856335,3213.140459,72.26000081,71.26000081,73.26000081
23-Jan-19,71.18999849,3786.036398,3215.69258,72.18999849,71.18999849,73.18999849
24-Jan-19,71.00000021,3756.938528,3206.433388,72.00000021,71.00000021,73.00000021
25-Jan-19,70.90000179,3808.155317,3220.601544,71.90000179,70.90000179,72.90000179
28-Jan-19,71.06999791,3733.080922,3253.037524,72.06999791,71.06999791,73.06999791
29-Jan-19,71.39000043,3770.193736,3275.016211,72.39000043,71.39000043,73.39000043
30-Jan-19,71.23500049,3855.102631,3292.907407,72.23500049,71.23500049,73.23500049
31-Jan-19,70.96000226,3892.635183,3308.114474,71.96000226,70.96000226,72.96000226
01-Feb-19,71.43500058,3873.105802,3325.098174,72.43500058,71.43500058,73.43500058
04-Feb-19,71.71000246,3930.918569,3341.922073,72.71000246,71.71000246,73.71000246
05-Feb-19,71.53000097,3905.0737,3341.497726,72.53000097,71.53000097,73.53000097
06-Feb-19,71.550002,3843.830343,3337.070853,72.550002,71.550002,73.550002
07-Feb-19,71.30000225,3805.215439,3314.627784,72.30000225,71.30000225,73.30000225
08-Feb-19,71.17500032,3750.194366,3315.012365,72.17500032,71.17500032,73.17500032
11-Feb-19,71.14000217,3707.498911,3305.45731,72.14000217,71.14000217,73.14000217
12-Feb-19,70.5349988,3775.6076,3294.556404,71.5349988,70.5349988,72.5349988
13-Feb-19,70.87500222,3820.408528,3297.065612,71.87500222,70.87500222,72.87500222
14-Feb-19,71.01999845,3845.527757,3300.417173,72.01999845,71.01999845,73.01999845
15-Feb-19,71.32999847,3925.931614,3330.857396,72.32999847,71.32999847,73.32999847
18-Feb-19,71.3869987,4004.222559,3356.72974,72.3869987,71.3869987,73.3869987
19-Feb-19,71.30000225,4000.325285,3374.092369,72.30000225,71.30000225,73.30000225
20-Feb-19,71.00999792,4041.038244,3391.129483,72.00999792,71.00999792,73.00999792
21-Feb-19,71.16500168,4075.883153,3364.782837,72.16500168,71.16500168,73.16500168
22-Feb-19,71.035002,4091.334598,3344.459234,72.035002,71.035002,73.035002
25-Feb-19,70.83400094,4005.404564,3343.262824,71.83400094,70.83400094,72.83400094
26-Feb-19,70.96000226,3960.173044,3344.772455,71.96000226,70.96000226,72.96000226
27-Feb-19,71.19999909,4043.238315,3347.941518,72.19999909,71.19999909,73.19999909
28-Feb-19,70.84000233,4049.725836,3321.420505,71.84000233,70.84000233,72.84000233
01-Mar-19,71.00000021,4049.641972,3286.759945,72.00000021,71.00000021,73.00000021
04-Mar-19,70.91000152,4012.926922,3236.717321,71.91000152,70.91000152,72.91000152
05-Mar-19,70.49000209,4004.611977,3220.238555,71.49000209,70.49000209,72.49000209
06-Mar-19,70.08000193,3940.16028,3209.13963,71.08000193,70.08000193,72.08000193
07-Mar-19,70.11599991,3967.849109,3188.511157,71.11599991,70.11599991,72.11599991
08-Mar-19,70.01199866,3888.739972,3210.489311,71.01199866,70.01199866,72.01199866
11-Mar-19,69.85000131,3960.398556,3206.320299,70.85000131,69.85000131,71.85000131
12-Mar-19,69.62500044,3984.618616,3198.434047,70.62500044,69.62500044,71.62500044
13-Mar-19,69.52899943,4016.61174,3222.531943,70.52899943,69.52899943,71.52899943
14-Mar-19,69.36500225,4060.148952,3197.063817,70.36500225,69.36500225,71.36500225
15-Mar-19,68.96300128,4038.119101,3186.854861,69.96300128,68.96300128,70.96300128
18-Mar-19,68.62499999,4027.42174,3168.618007,69.62499999,68.62499999,70.62499999
19-Mar-19,69.01499862,4070.820035,3186.946268,70.01499862,69.01499862,71.01499862
20-Mar-19,68.78999837,4101.766174,3181.177608,69.78999837,68.78999837,70.78999837
21-Mar-19,68.81000189,4139.344542,3192.633955,69.81000189,68.81000189,70.81000189
22-Mar-19,69.16999807,4099.994086,3202.32617,70.16999807,69.16999807,71.16999807
25-Mar-19,68.88999955,4067.506167,3220.103752,69.88999955,68.88999955,70.88999955
26-Mar-19,68.9959992,4137.360891,3214.617509,69.9959992,68.9959992,70.9959992
27-Mar-19,69.10000014,4133.354586,3211.840127,70.10000014,69.10000014,71.10000014
28-Mar-19,69.18999823,4090.120912,3192.267052,70.18999823,69.18999823,71.18999823
29-Mar-19,69.18500069,4169.537283,3177.478036,70.18500069,69.18500069,71.18500069
01-Apr-19,69.20499995,4231.930005,3187.281472,70.20499995,69.20499995,71.20499995
02-Apr-19,68.92000152,4296.496671,3175.449961,69.92000152,68.92000152,70.92000152
03-Apr-19,68.44999906,4303.590107,3165.638889,69.44999906,68.44999906,70.44999906
04-Apr-19,68.97999828,4317.183033,3172.810285,69.97999828,68.97999828,70.97999828
05-Apr-19,69.16999807,4323.314425,3182.007656,70.16999807,69.16999807,71.16999807
08-Apr-19,69.55499825,4442.962963,3217.586038,70.55499825,69.55499825,71.55499825
09-Apr-19,69.28000067,4463.058322,3220.70527,70.28000067,69.28000067,71.28000067
10-Apr-19,69.1499999,4460.319743,3218.590579,70.1499999,69.1499999,71.1499999
11-Apr-19,69.0200002,4415.269806,3199.088899,70.0200002,69.0200002,71.0200002
12-Apr-19,69.18999823,4447.945273,3189.690919,70.18999823,69.18999823,71.18999823
15-Apr-19,69.39500051,4400.557549,3177.871843,70.39500051,69.39500051,71.39500051
16-Apr-19,69.53000014,4416.177241,3169.280795,70.53000014,69.53000014,71.53000014
17-Apr-19,69.43100183,4452.346185,3152.078323,70.43100183,69.43100183,71.43100183
18-Apr-19,69.39500051,4432.11145,3149.120293,70.39500051,69.39500051,71.39500051
22-Apr-19,69.70000144,4591.300288,3167.79493,70.70000144,69.70000144,71.70000144
23-Apr-19,69.76999901,4626.103191,3155.450093,70.76999901,69.76999901,71.76999901
24-Apr-19,69.96000107,4632.489695,3165.077798,70.96000107,69.96000107,71.96000107
25-Apr-19,70.17000227,4642.723711,3187.250996,71.17000227,70.17000227,72.17000227
26-Apr-19,69.85000131,4469.877911,3191.625176,70.85000131,69.85000131,71.85000131
30-Apr-19,69.64700114,4468.768525,3180.610995,70.64700114,69.64700114,71.64700114
01-May-19,69.54499975,4420.591688,3172.045398,70.54499975,69.54499975,71.54499975
02-May-19,69.40999973,4326.334032,3140.950137,70.40999973,69.40999973,71.40999973
03-May-19,69.09500127,4293.856575,3135.268003,70.09500127,69.09500127,71.09500127
06-May-19,69.37999814,4267.304785,3158.310304,70.37999814,69.37999814,71.37999814
07-May-19,69.64499786,4287.999672,3163.635903,70.64499786,69.64499786,71.64499786
08-May-19,69.71999821,4304.805939,3180.074923,70.71999821,69.71999821,71.71999821
09-May-19,70.20000121,4321.181702,3189.446759,71.20000121,70.20000121,72.20000121
10-May-19,70.01499861,4334.213623,3190.342196,71.01499861,70.01499861,72.01499861
13-May-19,70.57000167,4384.605105,3222.781196,71.57000167,70.57000167,72.57000167
14-May-19,70.3320001,4334.051164,3236.225008,71.3320001,70.3320001,72.3320001
15-May-19,70.24900039,4330.380463,3229.181467,71.24900039,70.24900039,72.24900039
16-May-19,70.12999928,4406.300194,3211.850443,71.12999928,70.12999928,72.12999928
17-May-19,70.28000044,4434.438096,3192.297624,71.28000044,70.28000044,72.28000044
20-May-19,69.60900206,4394.033542,3147.851434,70.60900206,69.60900206,71.60900206
21-May-19,69.64499786,4427.45598,3146.049034,70.64499786,69.64499786,71.64499786
22-May-19,69.649999,4335.727742,3146.049034,70.649999,69.649999,71.649999
23-May-19,69.66500191,4145.262501,3155.858378,70.66500191,69.66500191,71.66500191
24-May-19,69.37999814,4065.948116,3159.238244,70.37999814,69.37999814,71.37999814
27-May-19,69.50400069,4084.442555,3166.119983,70.50400069,69.50400069,71.50400069
28-May-19,69.61000023,4122.851092,3162.045337,70.61000023,69.61000023,71.61000023
29-May-19,69.84500067,4052.237458,3176.085348,70.84500067,69.84500067,71.84500067
30-May-19,69.82500039,4091.586668,3172.186271,70.82500039,69.82500039,71.82500039
31-May-19,69.57999981,3860.339935,3209.211721,70.57999981,69.57999981,71.57999981
03-Jun-19,69.17099804,3723.332466,3236.298322,70.17099804,69.17099804,71.17099804
04-Jun-19,69.29099857,3687.472002,3252.878798,70.29099857,69.29099857,71.29099857
05-Jun-19,69.38499981,3612.12387,3280.732259,70.38499981,69.38499981,71.38499981
06-Jun-19,69.16499864,3591.41613,3277.162764,70.16499864,69.16499864,71.16499864
07-Jun-19,69.35500058,3709.347332,3288.781309,70.35500058,69.35500058,71.35500058
10-Jun-19,69.53499929,3766.808208,3269.619351,70.53499929,69.53499929,71.53499929
11-Jun-19,69.38499981,3726.843363,3258.985022,70.38499981,69.38499981,71.38499981
12-Jun-19,69.37500199,3611.080618,3277.420539,70.37500199,69.37500199,71.37500199
13-Jun-19,69.53000014,3648.373084,3286.036317,70.53000014,69.53000014,71.53000014
14-Jun-19,69.83300206,3654.259228,3320.405886,70.83300206,69.83300206,71.83300206
17-Jun-19,69.85000131,3653.123004,3301.583109,70.85000131,69.85000131,71.85000131
18-Jun-19,69.61000023,3677.397497,3309.84447,70.61000023,69.61000023,71.61000023
19-Jun-19,69.649999,3758.403852,3307.447048,70.649999,69.649999,71.649999
20-Jun-19,69.51999917,3917.8029,3385.320573,70.51999917,69.51999917,71.51999917
21-Jun-19,69.6150012,4006.478022,3418.896927,70.6150012,69.6150012,71.6150012
24-Jun-19,69.27299858,4011.31809,3435.942015,70.27299858,69.27299858,71.27299858
25-Jun-19,69.33400116,4025.065704,3471.402586,70.33400116,69.33400116,71.33400116
26-Jun-19,69.24499961,4119.023501,3430.461123,70.24499961,69.24499961,71.24499961
27-Jun-19,69.08799835,4100.12689,3416.560753,70.08799835,69.08799835,71.08799835
28-Jun-19,68.95000111,4100.628152,3429.27296,69.95000111,68.95000111,70.95000111
01-Jul-19,68.8849978,4113.095895,3375.92627,69.8849978,68.8849978,70.8849978
02-Jul-19,68.88999955,4015.947494,3384.736194,69.88999955,68.88999955,70.88999955
03-Jul-19,68.79999868,3904.124733,3434.82084,69.79999868,68.79999868,70.79999868
04-Jul-19,68.52700115,3910.28906,3421.821641,69.52700115,68.52700115,70.52700115
05-Jul-19,68.44999906,3910.442656,3470.896533,69.44999906,68.44999906,70.44999906
08-Jul-19,68.56599971,3966.956294,3468.00763,69.56599971,68.56599971,70.56599971
09-Jul-19,68.56499835,3965.254645,3450.953326,69.56499835,68.56499835,70.56499835
10-Jul-19,68.41900042,4065.308929,3463.683281,69.41900042,68.41900042,70.41900042
11-Jul-19,68.40999974,4146.412999,3497.738712,69.40999974,68.40999974,70.40999974
12-Jul-19,68.56000138,4142.870467,3483.59228,69.56000138,68.56000138,70.56000138
15-Jul-19,68.54500075,4123.53524,3491.242219,69.54500075,68.54500075,70.54500075
16-Jul-19,68.65000183,4068.250247,3491.559156,69.65000183,68.65000183,70.65000183
17-Jul-19,68.84600058,3964.660169,3496.9559,69.84600058,68.84600058,70.84600058
18-Jul-19,68.85499785,3871.947396,3513.814562,69.85499785,68.85499785,70.85499785
19-Jul-19,68.85999998,3834.489791,3538.207332,69.85999998,68.85999998,70.85999998
22-Jul-19,68.93000165,3895.741435,3520.506953,69.93000165,68.93000165,70.93000165
23-Jul-19,69.03299819,3887.13212,3511.778505,70.03299819,69.03299819,71.03299819
24-Jul-19,68.97999828,3938.403192,3514.345559,69.97999828,68.97999828,70.97999828
25-Jul-19,69.04100048,3901.650538,3512.123852,70.04100048,69.04100048,71.04100048
26-Jul-19,68.88000153,3878.623696,3494.988187,69.88000153,68.88000153,70.88000153
29-Jul-19,68.75499892,3881.310371,3492.656689,69.75499892,68.75499892,70.75499892
30-Jul-19,68.86200103,3950.285738,3501.24119,69.86200103,68.86200103,70.86200103
31-Jul-19,68.87500124,4029.133065,3507.258271,69.87500124,68.87500124,70.87500124
01-Aug-19,69.01699916,3933.431106,3516.792685,70.01699916,69.01699916,71.01699916
02-Aug-19,69.70000144,3858.764842,3604.408913,70.70000144,69.70000144,71.70000144
05-Aug-19,70.82099809,3895.693324,3706.737737,71.82099809,70.82099809,72.82099809
06-Aug-19,71.03999786,3891.645955,3724.838714,72.03999786,71.03999786,73.03999786
07-Aug-19,71.14499763,3710.789617,3802.816366,72.14499763,71.14499763,73.14499763
08-Aug-19,70.42000108,3708.024557,3786.27249,71.42000108,70.42000108,72.42000108
09-Aug-19,70.92399784,3808.601959,3798.237618,71.92399784,70.92399784,72.92399784
12-Aug-19,71.28300136,3897.125992,3826.037717,72.28300136,71.28300136,73.28300136
13-Aug-19,71.41800156,3964.5878,3825.11571,72.41800156,71.41800156,73.41800156
14-Aug-19,71.27499926,3944.741904,3809.901171,72.27499926,71.27499926,73.27499926
16-Aug-19,71.15500078,3910.170866,3798.872495,72.15500078,71.15500078,73.15500078
19-Aug-19,71.45100194,3965.529893,3780.403898,72.45100194,71.45100194,73.45100194
20-Aug-19,71.54899861,4020.311974,3794.260043,72.54899861,71.54899861,73.54899861
21-Aug-19,71.43900152,4047.38815,3794.418411,72.43900152,71.43900152,73.43900152
22-Aug-19,71.9300006,4012.215899,3810.176983,72.9300006,71.9300006,73.9300006
23-Aug-19,71.51299763,3906.340987,3835.532372,72.51299763,71.51299763,73.51299763
26-Aug-19,72.02500017,3922.102839,3905.532969,73.02500017,72.02500017,74.02500017
27-Aug-19,71.54299935,3884.537987,3889.733826,72.54299935,71.54299935,73.54299935
28-Aug-19,71.82899757,4023.973912,3912.378374,72.82899757,71.82899757,73.82899757
29-Aug-19,71.68999925,4040.50924,3914.660403,72.68999925,71.68999925,73.68999925
30-Aug-19,71.45299815,3997.381627,3880.631767,72.45299815,71.45299815,73.45299815
02-Sep-19,71.96900209,3952.477982,3898.468292,72.96900209,71.96900209,73.96900209
03-Sep-19,72.16999961,3895.026003,3944.430858,73.16999961,72.16999961,74.16999961
04-Sep-19,71.98900066,3985.143075,3962.389004,72.98900066,71.98900066,73.98900066
05-Sep-19,71.92799835,4077.654325,3923.09171,72.92799835,71.92799835,73.92799835
06-Sep-19,71.64500074,4001.175486,3870.568199,72.64500074,71.64500074,73.64500074
09-Sep-19,71.77800212,4111.694016,3853.030023,72.77800212,71.77800212,73.77800212
10-Sep-19,71.87500247,4185.678837,3834.532264,72.87500247,71.87500247,73.87500247
11-Sep-19,71.57700168,4100.981224,3818.047145,72.57700168,71.57700168,73.57700168
12-Sep-19,70.96700205,3916.655237,3804.074925,71.96700205,70.96700205,72.96700205
13-Sep-19,70.98500137,3911.303283,3777.490688,71.98500137,70.98500137,72.98500137
16-Sep-19,71.57999892,4333.181532,3810.235053,72.57999892,71.57999892,73.57999892
17-Sep-19,71.49000177,4353.610897,3810.990133,72.49000177,71.49000177,73.49000177
18-Sep-19,71.14499763,4169.849277,3793.137456,72.14499763,71.14499763,73.14499763
19-Sep-19,71.37499939,4184.694789,3777.890275,72.37499939,71.37499939,73.37499939
20-Sep-19,71.07499869,4187.546629,3770.170412,72.07499869,71.07499869,73.07499869
23-Sep-19,70.79900142,4137.231694,3797.271281,71.79900142,70.79900142,72.79900142
24-Sep-19,70.97100111,4115.714784,3804.682804,71.97100111,70.97100111,72.97100111
25-Sep-19,70.98799962,4008.996924,3804.784136,71.98799962,70.98799962,72.98799962
26-Sep-19,70.96400053,3994.938828,3781.218687,71.96400053,70.96400053,72.96400053
27-Sep-19,70.50899811,3954.10348,3778.361325,71.50899811,70.50899811,72.50899811
30-Sep-19,70.64500229,3918.357622,3756.051939,71.64500229,70.64500229,72.64500229
01-Oct-19,71.10999863,3864.098227,3754.416132,72.10999863,71.10999863,73.10999863
03-Oct-19,71.03000179,3711.519629,3837.681426,72.03000179,71.03000179,73.03000179
04-Oct-19,70.82500077,3750.963947,3836.680197,71.82500077,70.82500077,72.82500077
07-Oct-19,70.97500062,3798.90099,3830.082232,71.97500062,70.97500062,72.97500062
08-Oct-19,71.21999858,3727.578395,3845.991131,72.21999858,71.21999858,73.21999858
09-Oct-19,71.12000206,3780.153049,3844.202174,72.12000206,71.12000206,73.12000206
10-Oct-19,70.99000028,3764.760607,3834.752831,71.99000028,70.99000028,72.99000028
11-Oct-19,70.92399784,3860.651338,3797.732754,71.92399784,70.92399784,72.92399784
14-Oct-19,71.23699987,3815.625698,3807.232218,72.23699987,71.23699987,73.23699987
15-Oct-19,71.49999993,3806.682212,3820.818878,72.49999993,71.49999993,73.49999993
16-Oct-19,71.3640023,3796.529588,3812.25411,72.3640023,71.3640023,73.3640023
17-Oct-19,71.12999818,3779.593906,3812.893681,72.12999818,71.12999818,73.12999818
18-Oct-19,71.09000022,3846.405176,3809.959233,72.09000022,71.09000022,73.09000022
21-Oct-19,70.92499887,3789.553149,3797.992381,71.92499887,70.92499887,72.92499887
22-Oct-19,70.80899776,3840.254662,3789.227983,71.80899776,70.80899776,72.80899776
23-Oct-19,70.72499914,3877.930143,3805.044728,71.72499914,70.72499914,72.72499914
24-Oct-19,70.96499765,3980.032921,3817.347554,71.96499765,70.96499765,72.96499765
25-Oct-19,70.81999999,3979.51638,3841.499721,71.81999999,70.81999999,72.81999999
28-Oct-19,70.74499789,3981.828952,3803.539574,71.74499789,70.74499789,72.74499789
29-Oct-19,70.88999985,3921.444914,3791.152965,71.88999985,70.88999985,72.88999985
30-Oct-19,70.95299882,3914.502828,3801.009548,71.95299882,70.95299882,72.95299882
31-Oct-19,70.97999812,3875.189583,3836.547721,71.97999812,70.97999812,72.97999812
01-Nov-19,70.76000062,3887.080515,3841.558751,71.76000062,70.76000062,72.76000062
04-Nov-19,70.78899789,4016.938516,3843.108921,71.78899789,70.78899789,72.78899789
05-Nov-19,70.77499969,4028.816349,3817.8868,71.77499969,70.77499969,72.77499969
06-Nov-19,71.00999792,4044.989971,3808.682272,72.00999792,71.00999792,73.00999792
07-Nov-19,71.0469983,4055.695942,3790.822419,72.0469983,71.0469983,73.0469983
08-Nov-19,71.35999957,4028.308606,3771.706169,72.35999957,71.35999957,73.35999957
11-Nov-19,71.56999886,4056.800153,3771.250999,72.56999886,71.56999886,73.56999886
12-Nov-19,71.78999817,4095.568187,3765.244534,72.78999817,71.78999817,73.78999817
13-Nov-19,72.14999927,4088.636335,3799.276618,73.14999927,72.14999927,74.14999927
14-Nov-19,71.96599808,4130.1639,3816.677353,72.96599808,71.96599808,73.96599808
15-Nov-19,71.65000064,4092.093532,3799.363227,72.65000064,71.65000064,73.65000064
18-Nov-19,71.94499776,4118.216038,3799.420968,72.94499776,71.94499776,73.94499776
19-Nov-19,71.82999851,4044.67724,3810.409276,72.82999851,71.82999851,73.82999851
20-Nov-19,71.74600136,4030.746003,3817.230981,72.74600136,71.74600136,73.74600136
21-Nov-19,71.75000118,4129.446339,3806.464137,72.75000118,71.75000118,73.75000118
22-Nov-19,71.79199791,4181.473866,3801.341874,72.79199791,71.79199791,73.79199791
25-Nov-19,71.68900221,4144.525639,3777.590577,72.68900221,71.68900221,73.68900221
26-Nov-19,71.48000129,4163.598053,3767.23037,72.48000129,71.48000129,73.48000129
27-Nov-19,71.26000081,4153.488712,3761.420613,72.26000081,71.26000081,73.26000081
28-Nov-19,71.50500006,4148.637428,3768.522287,72.50500006,71.50500006,73.50500006
29-Nov-19,71.74900247,4079.330007,3786.602244,72.74900247,71.74900247,73.74900247
02-12-2019,71.6340024,4029.232828,3787.14718,72.6340024,71.6340024,73.6340024
03-12-2019,71.73999989,4014.015564,3812.719231,72.73999989,71.73999989,73.73999989
04-12-2019,71.47399826,4123.788084,3823.477682,72.47399826,71.47399826,73.47399826
05-12-2019,71.2519988,4177.078032,3809.146523,72.2519988,71.2519988,73.2519988
06-12-2019,71.28300136,4177.645378,3787.491431,72.28300136,71.28300136,73.28300136
09-12-2019,70.96999878,4179.366913,3762.949249,71.96999878,70.96999878,72.96999878
10-12-2019,70.81000055,4181.55767,3760.487058,71.81000055,70.81000055,72.81000055
11-12-2019,70.71000124,4159.748231,3762.977569,71.71000124,70.71000124,72.71000124
12-12-2019,70.57000167,4185.641261,3774.411003,71.57000167,70.57000167,72.57000167
13-12-2019,70.79799894,4225.284437,3764.479128,71.79799894,70.79799894,72.79799894
16-12-2019,70.91499993,4261.695619,3786.688276,71.91499993,70.91499993,72.91499993
17-12-2019,71.035002,4296.742837,3792.044291,72.035002,71.035002,73.035002
