From Date,PM10,PM2.5,NO2,Ozone,SO2,CO
01 January 2017,None,None,None,None,None,None
02 January 2017,None,None,None,None,None,None
03 January 2017,None,None,None,None,None,None
04 January 2017,None,None,None,None,None,None
05 January 2017,None,None,None,None,None,None
06 January 2017,None,None,None,None,None,None
07 January 2017,None,None,None,None,None,None
08 January 2017,None,None,None,None,None,None
09 January 2017,None,None,None,None,None,None
10 January 2017,None,None,None,None,None,None
11 January 2017,None,None,None,None,None,None
12 January 2017,None,None,None,None,None,None
13 January 2017,None,None,None,None,None,None
14 January 2017,None,None,None,None,None,None
15 January 2017,None,None,None,None,None,None
16 January 2017,None,None,None,None,None,None
17 January 2017,None,None,None,None,None,None
18 January 2017,None,None,None,None,None,None
19 January 2017,None,None,None,None,None,None
20 January 2017,None,None,None,None,None,None
21 January 2017,None,None,None,None,None,None
22 January 2017,None,None,None,None,None,None
23 January 2017,None,None,None,None,None,None
24 January 2017,None,None,None,None,None,None
25 January 2017,None,None,None,None,None,None
26 January 2017,None,None,None,None,None,None
27 January 2017,None,None,None,None,None,None
28 January 2017,None,None,None,None,None,None
29 January 2017,None,None,None,None,None,None
30 January 2017,None,None,None,None,None,None
31 January 2017,None,None,None,None,None,None
01 February 2017,None,None,None,None,None,None
02 February 2017,None,None,None,None,None,None
03 February 2017,None,None,None,None,None,None
04 February 2017,None,None,None,None,None,None
05 February 2017,None,None,None,None,None,None
06 February 2017,None,None,None,None,None,None
07 February 2017,None,None,None,None,None,None
08 February 2017,None,None,None,None,None,None
09 February 2017,None,None,None,None,None,None
10 February 2017,None,None,None,None,None,None
11 February 2017,None,None,None,None,None,None
12 February 2017,None,None,None,None,None,None
13 February 2017,None,None,None,None,None,None
14 February 2017,None,None,None,None,None,None
15 February 2017,None,None,None,None,None,None
16 February 2017,None,None,None,None,None,None
17 February 2017,None,None,None,None,None,None
18 February 2017,None,None,None,None,None,None
19 February 2017,None,None,None,None,None,None
20 February 2017,None,None,None,None,None,None
21 February 2017,None,None,None,None,None,None
22 February 2017,None,None,None,None,None,None
23 February 2017,None,None,None,None,None,None
24 February 2017,None,None,None,None,None,None
25 February 2017,None,None,None,None,None,None
26 February 2017,None,None,None,None,None,None
27 February 2017,None,None,None,None,None,None
28 February 2017,None,None,None,None,None,None
01 March 2017,None,None,None,None,None,None
02 March 2017,None,None,None,None,None,None
03 March 2017,None,None,None,None,None,None
04 March 2017,None,None,None,None,None,None
05 March 2017,None,None,None,None,None,None
06 March 2017,None,None,None,None,None,None
07 March 2017,None,None,None,None,None,None
08 March 2017,None,None,None,None,None,None
09 March 2017,None,None,None,None,None,None
10 March 2017,None,None,None,None,None,None
11 March 2017,None,None,None,None,None,None
12 March 2017,None,None,None,None,None,None
13 March 2017,None,None,None,None,None,None
14 March 2017,None,None,None,None,None,None
15 March 2017,None,None,None,None,None,None
16 March 2017,None,None,None,None,None,None
17 March 2017,None,None,None,None,None,None
18 March 2017,None,None,None,None,None,None
19 March 2017,None,None,None,None,None,None
20 March 2017,None,None,None,None,None,None
21 March 2017,None,None,None,None,None,None
22 March 2017,None,None,None,None,None,None
23 March 2017,None,None,None,None,None,None
24 March 2017,None,None,None,None,None,None
25 March 2017,None,None,None,None,None,None
26 March 2017,None,None,None,None,None,None
27 March 2017,None,None,None,None,None,None
28 March 2017,None,None,None,None,None,None
29 March 2017,None,None,None,None,None,None
30 March 2017,None,None,None,None,None,None
31 March 2017,None,None,None,None,None,None
01 April 2017,None,None,None,None,None,None
02 April 2017,None,None,None,None,None,None
03 April 2017,None,None,None,None,None,None
04 April 2017,None,None,None,None,None,None
05 April 2017,None,None,None,None,None,None
06 April 2017,None,None,None,None,None,None
07 April 2017,None,None,None,None,None,None
08 April 2017,None,None,None,None,None,None
09 April 2017,None,None,None,None,None,None
10 April 2017,None,None,None,None,None,None
11 April 2017,None,None,None,None,None,None
12 April 2017,None,None,None,None,None,None
13 April 2017,None,None,None,None,None,None
14 April 2017,None,None,None,None,None,None
15 April 2017,None,None,None,None,None,None
16 April 2017,None,None,None,None,None,None
17 April 2017,None,None,None,None,None,None
18 April 2017,None,None,None,None,None,None
19 April 2017,None,None,None,None,None,None
20 April 2017,None,None,None,None,None,None
21 April 2017,None,None,None,None,None,None
22 April 2017,None,None,None,None,None,None
23 April 2017,None,None,None,None,None,None
24 April 2017,None,None,None,None,None,None
25 April 2017,None,None,None,None,None,None
26 April 2017,None,None,None,None,None,None
27 April 2017,None,None,None,None,None,None
28 April 2017,None,None,None,None,None,None
29 April 2017,None,None,None,None,None,None
30 April 2017,None,None,None,None,None,None
01 May 2017,None,None,None,None,None,None
02 May 2017,None,None,None,None,None,None
03 May 2017,None,None,None,None,None,None
04 May 2017,None,None,None,None,None,None
05 May 2017,None,None,None,None,None,None
06 May 2017,None,None,None,None,None,None
07 May 2017,None,None,None,None,None,None
08 May 2017,None,None,None,None,None,None
09 May 2017,None,None,None,None,None,None
10 May 2017,None,None,None,None,None,None
11 May 2017,None,None,None,None,None,None
12 May 2017,None,None,None,None,None,None
13 May 2017,None,None,None,None,None,None
14 May 2017,None,None,None,None,None,None
15 May 2017,None,None,None,None,None,None
16 May 2017,None,None,None,None,None,None
17 May 2017,None,None,None,None,None,None
18 May 2017,None,None,None,None,None,None
19 May 2017,None,None,None,None,None,None
20 May 2017,None,None,None,None,None,None
21 May 2017,None,None,None,None,None,None
22 May 2017,None,None,None,None,None,None
23 May 2017,None,None,None,None,None,None
24 May 2017,None,None,None,None,None,None
25 May 2017,None,None,None,None,None,None
26 May 2017,None,None,None,None,None,None
27 May 2017,None,None,None,None,None,None
28 May 2017,None,None,None,None,None,None
29 May 2017,None,None,None,None,None,None
30 May 2017,None,None,None,None,None,None
31 May 2017,None,None,None,None,None,None
01 June 2017,None,None,None,None,None,None
02 June 2017,None,None,None,None,None,None
03 June 2017,None,None,None,None,None,None
04 June 2017,None,None,None,None,None,None
05 June 2017,None,None,None,None,None,None
06 June 2017,None,None,None,None,None,None
07 June 2017,None,None,None,None,None,None
08 June 2017,None,None,None,None,None,None
09 June 2017,None,None,None,None,None,None
10 June 2017,None,None,None,None,None,None
11 June 2017,None,None,None,None,None,None
12 June 2017,None,None,None,None,None,None
13 June 2017,20.25,7.83,13.02,34.24,2.26,0.77
14 June 2017,40.21,18.94,13.61,43.56,13.66,0.87
15 June 2017,30.21,11.81,15.52,36.35,12.95,0.75
16 June 2017,17.35,6.95,9.38,40.82,23.01,0.67
17 June 2017,31.83,11.06,12.22,33.84,11.81,0.9
18 June 2017,34.56,4.86,10.78,33.93,13.5,0.65
19 June 2017,18.26,3.39,8.5,-2.86,12.46,0.73
20 June 2017,24.53,7.97,9.23,44.62,11.43,0.6
21 June 2017,29.79,6.9,12,21.09,10.23,0.56
22 June 2017,37.4,8.49,14.67,22.36,13.04,0.77
23 June 2017,36.18,8.76,15.4,24.41,11.73,0.72
24 June 2017,35.88,6.56,8.08,27.46,12.75,0.64
25 June 2017,35.82,9.65,9.43,40.28,13.48,0.59
26 June 2017,37.68,11.71,6.91,26.1,11.78,0.57
27 June 2017,31.23,8.55,7.86,20.29,6.02,0.63
28 June 2017,24.52,8.52,7.88,23.44,17.75,0.63
29 June 2017,41.04,9.69,8.2,23.04,12.98,0.85
30 June 2017,53.16,12.61,8.9,26.06,12.48,0.6
01 July 2017,43.36,10.59,8.96,26.09,9.58,0.59
02 July 2017,39.11,8.46,7.99,28,11.66,0.54
03 July 2017,44.01,11.05,10.04,27.47,47.2,0.63
04 July 2017,48.97,20.31,10.48,18.9,10.4,0.65
05 July 2017,38.23,9.48,10.31,19.78,11.71,0.73
06 July 2017,45.2,13.28,13.4,19.98,14.24,0.78
07 July 2017,39.39,13.55,14.76,20.14,13.13,0.7
08 July 2017,48.66,14.94,12.04,23.69,12.27,0.62
09 July 2017,44.19,17.45,12.09,23.82,13.22,0.65
10 July 2017,18.15,13.4,16.15,23.41,12.33,0.8
11 July 2017,46.06,16.38,13.47,19.17,11.82,0.62
12 July 2017,44.92,14.12,14.04,25.69,11.96,0.68
13 July 2017,38.48,14.3,10.72,23.34,11.87,0.74
14 July 2017,30.19,13.86,10.23,23.02,13.27,0.55
15 July 2017,61.27,15.34,8.64,47.18,11.56,0.61
16 July 2017,32.83,10.36,9.15,52.85,11.73,0.57
17 July 2017,23.92,9.02,10.82,55.87,11.87,0.67
18 July 2017,16.32,6.39,7.92,20.2,12.12,0.64
19 July 2017,12.51,6.39,9.21,19.56,11.47,0.65
20 July 2017,17.21,7.3,6.27,18.34,11.73,0.59
21 July 2017,33.8,11.35,7.16,20.73,15.29,0.6
22 July 2017,57.26,13.66,8.88,21.72,15.3,0.64
23 July 2017,64.1,14.16,9.35,31.63,11.46,0.65
24 July 2017,57.48,11.87,9.57,29.14,13.7,0.74
25 July 2017,51.21,12.24,10.37,23.76,18.81,0.68
26 July 2017,58.32,13.9,11.7,22.57,3.37,0.69
27 July 2017,49.21,13.39,12.67,25.4,12.72,0.69
28 July 2017,39.02,9.23,12.5,20.98,12.24,0.74
29 July 2017,40.8,13.18,11.54,31.48,12.04,0.63
30 July 2017,51.33,16.34,15.23,24.09,14.14,0.69
31 July 2017,49.64,16.47,18.37,21.69,11.34,0.65
01 August 2017,39.04,14.6,15.09,20.47,12.8,0.62
02 August 2017,47.12,15.46,13.86,24.76,12.85,0.65
03 August 2017,35.67,12.53,10.6,18.46,14.43,0.55
04 August 2017,44.54,5.44,15.33,16.75,13.18,0.73
05 August 2017,59.52,8.62,16.59,20.86,13.91,0.69
06 August 2017,73.26,21.2,19.03,23.1,13.01,0.7
07 August 2017,71.8,10.75,22,16.63,11.65,1.01
08 August 2017,76.39,20.15,32.24,14.62,3.74,1.34
09 August 2017,33.8,10.74,20.36,35.53,9.45,0.9
10 August 2017,15.91,13.01,13.67,26.71,12.38,0.76
11 August 2017,43.15,15.38,17.1,39.45,17.07,1.09
12 August 2017,28.35,5.9,12.82,38.27,16.04,0.94
13 August 2017,35.74,16.04,16.48,30.49,13.62,0.79
14 August 2017,34.05,14.21,14.6,33.56,14.74,0.83
15 August 2017,37.19,4.48,13.09,35.58,14.52,0.69
16 August 2017,50.07,8.18,11.8,37.05,13.22,0.65
17 August 2017,63.07,12.59,12.69,38.33,13.66,0.73
18 August 2017,63.96,5.34,13.16,40.3,16.36,0.79
19 August 2017,25.86,8.05,7.47,44.89,21.14,0.7
20 August 2017,11.54,1.44,5.68,47.43,15.58,0.67
21 August 2017,27.25,3.73,8.41,47.93,15.49,0.77
22 August 2017,31.4,4.85,17.39,37.5,16.49,0.87
23 August 2017,44.15,2.42,16.13,39.15,16.52,0.6
24 August 2017,47.67,6.85,15.97,37.82,13.13,0.88
25 August 2017,28.33,6.03,5.64,44.29,15.85,0.78
26 August 2017,26.18,9.52,8,43.49,6.93,0.46
27 August 2017,18.3,0.56,7.64,42.13,15.45,0.65
28 August 2017,11.73,0.51,6.37,43.06,17.1,0.81
29 August 2017,10.01,2.38,7.11,42.31,15.04,0.39
30 August 2017,36.02,5.43,8.64,37.97,13.98,0.73
31 August 2017,46.06,8.45,12.3,36.41,14.48,0.88
01 September 2017,58.42,10.19,14.62,45.39,13.26,1.09
02 September 2017,70.53,6.78,16.19,42.63,15.4,0.89
03 September 2017,36.71,0.74,9.59,45.17,7.37,0.63
04 September 2017,44.53,3.07,18.13,40.3,14.12,0.91
05 September 2017,51.63,9.54,12.67,64.14,14.8,0.76
06 September 2017,65.88,21.33,22.17,31.88,5.12,1.25
07 September 2017,77.04,16.66,18.72,49.57,17.33,0.91
08 September 2017,60.67,18.15,21.44,67.58,18.04,1.04
09 September 2017,51.74,17.07,11.38,61.85,16.55,0.82
10 September 2017,None,None,None,None,None,None
11 September 2017,30.52,3.26,17.07,43.25,18.74,0.96
12 September 2017,34.64,1.64,19.13,49.4,18.88,0.09
13 September 2017,33.29,7.8,19.79,39.35,15.31,0
14 September 2017,21.06,7.03,15.11,40.75,14.47,0
15 September 2017,23.56,0.33,13.74,49.99,14.64,0
16 September 2017,17.74,0.68,9.48,37.51,19.22,0
17 September 2017,24.56,0.83,6.92,38.62,3.55,0
18 September 2017,13.28,0.06,5.59,46.8,18.11,0
19 September 2017,20.6,3.62,5.59,56.39,4.24,0
20 September 2017,19.92,5.19,5.72,47.21,13.65,0
21 September 2017,7.38,3.05,1.92,19.12,1.64,0
22 September 2017,0,0,0,0,0,0
23 September 2017,0,0,0,0,0,0
24 September 2017,0,0,0,0,0,0
25 September 2017,0,0,0,0,0,0
26 September 2017,0,0,0,0,0,0
27 September 2017,0,0,0,0,0,0
28 September 2017,0,0,0,0,0,0
29 September 2017,0,0,0,0,0,0
30 September 2017,0,0,0,0,0,0
01 October 2017,17.65,8.62,3.69,11.22,1.45,0.19
02 October 2017,7.6,4.85,2.21,8.52,0.81,0.13
03 October 2017,6.12,3.79,5.9,6.41,17.09,0.2
04 October 2017,30.29,16.82,13.29,16.66,1.82,1.31
05 October 2017,34.12,20.06,13,19.72,1.76,0.52
06 October 2017,10.38,4.71,8.02,5.12,1.4,0.29
07 October 2017,9.44,4.23,4.2,13.21,1.28,0.22
08 October 2017,5.4,4.25,6.05,4.59,1.06,0.27
09 October 2017,4.08,2.48,4.35,5.39,0.76,0.15
10 October 2017,0,0,0,0,0,0
11 October 2017,0,0,0,0,0,0
12 October 2017,0,0,0,0,0,0
13 October 2017,0,0,0,0,0,0
14 October 2017,0,0,0,0,0,0
15 October 2017,0,0,0,0,0,0
16 October 2017,0,0,0,0,0,0
17 October 2017,0,0,0,0,0,0
18 October 2017,0,0,0,0,0,0
19 October 2017,121.77,27.45,19.53,27.77,12.11,0.5
20 October 2017,0,0,0,0,0,0
21 October 2017,9.18,4,2.88,10.71,8.38,0.09
22 October 2017,0,0,0,0,0,0
23 October 2017,17.43,8.19,6.31,6.77,0.51,0.2
24 October 2017,0,0,0,0,0,0
25 October 2017,0,0,0,0,0,0
26 October 2017,0,0,0,0,0,0
27 October 2017,1.42,0.56,0.32,2.4,0.08,0.01
28 October 2017,0,0,0,0,0,0
29 October 2017,0,0,0,0,0,0
30 October 2017,3.54,1.38,1.56,0.58,0.16,0.03
31 October 2017,71.46,55.7,56.13,62.97,17.11,1.11
01 November 2017,143.02,57.86,61.14,69.06,16.28,1.55
02 November 2017,144.05,64.77,47.47,73.51,17.51,1.27
03 November 2017,115.81,57.34,43.4,64.81,19.18,1.31
04 November 2017,74.58,39.2,39.82,66.06,18.32,0.9
05 November 2017,54.49,25.69,32.08,61.27,15.37,0.87
06 November 2017,54.47,22.28,47.15,56,19.49,1.15
07 November 2017,65.02,28.04,58.37,56.28,17.1,1.2
08 November 2017,72.22,31.98,47.98,67.95,20.7,1.03
09 November 2017,74.11,32.14,47.67,63.43,22.72,0.98
10 November 2017,78.68,35.66,41.45,74.44,22.4,0.99
11 November 2017,105.47,51.43,43.74,94.75,28.44,0.82
12 November 2017,99.72,53.62,51.45,73,27.79,1.09
13 November 2017,110.7,53,55.15,73.41,25.16,1.22
14 November 2017,110.27,49.8,54.7,51.89,21.67,1.2
15 November 2017,106.8,47.28,45.64,56.39,25.24,1.06
16 November 2017,84.35,35.29,37.66,53.43,19.72,0.76
17 November 2017,78.77,32.97,49.44,42.83,21.14,1
18 November 2017,59.31,246.48,42.86,47.45,15.69,0.98
19 November 2017,66.69,30.16,42.29,51.59,15.59,0.97
20 November 2017,75.24,39.02,55.75,55.22,13.41,1.28
21 November 2017,67.09,35.78,51.9,53.78,14.16,1.14
22 November 2017,69.07,32.78,32.89,68.82,10.8,1.1
23 November 2017,78.96,291.19,41.45,55.15,13.71,1.26
24 November 2017,122.46,63.71,43.66,80.97,12.27,1.24
25 November 2017,125.55,67.79,46.8,82.81,18.84,1.13
26 November 2017,142.4,148.09,81.15,62.13,11.68,1.43
27 November 2017,145.75,75.88,60.16,73.57,23.01,1.1
28 November 2017,160.91,205.41,62.36,79.39,20.87,1.41
29 November 2017,113.33,62.03,65.29,79.43,18.02,1.43
30 November 2017,104.92,55.55,66.82,77.91,16.27,1.12
01 December 2017,114.49,65.56,49.57,76.47,14.52,1.2
02 December 2017,114.24,65.69,49.82,81.74,17.35,1.23
03 December 2017,115.56,68.85,47.37,89.64,16.32,1.06
04 December 2017,110.36,68.46,47.55,87.81,13.61,1.03
05 December 2017,88.01,51.85,37.8,79.81,12.18,0.96
06 December 2017,91.25,47.5,40.43,66.51,10.66,1.2
07 December 2017,143.54,71.26,58.39,69.41,14.11,1.52
08 December 2017,169.64,80.82,46.57,99.21,20.63,1
09 December 2017,171.19,62.73,43.33,98.21,15.84,0.86
10 December 2017,101.22,37.52,50.76,65.25,26.97,0.89
11 December 2017,116.01,49.45,68.78,62.72,26.41,1.5
12 December 2017,138.06,63,95.5,71.56,11.14,1.45
13 December 2017,129.02,64.78,78.81,68.84,4.82,1.08
14 December 2017,110.79,61.74,56.46,72.68,4.48,1.02
15 December 2017,109.89,64.05,63.45,56.42,6.3,0.73
16 December 2017,124.73,68.24,76.77,56.57,5.69,0.61
17 December 2017,138.88,75.86,68.99,61.47,8.89,0.83
18 December 2017,139.95,70.72,46.37,67.18,13.97,0.15
19 December 2017,112.54,45.94,68.21,55.68,18.17,0.68
20 December 2017,162.97,155.4,101.25,55.43,9.9,5.16
21 December 2017,160.31,86.27,93.39,73.57,9.26,2.99
22 December 2017,202.92,414.75,97.67,61.71,10.88,3.08
23 December 2017,177.07,101.5,74.06,72.68,8.18,2.34
24 December 2017,150.74,94.94,65.61,56.97,2.78,0.8
25 December 2017,156.23,96.84,63.4,47.5,4.85,1.6
26 December 2017,168.86,91.27,65.55,57.52,13.67,0.89
27 December 2017,123.67,59.22,62.52,56.81,14.2,0.67
28 December 2017,156,97.89,73.74,56.88,18.7,0.54
29 December 2017,157.17,303.42,95.32,42.15,6.65,None
30 December 2017,127.6,63.16,87.26,54.72,5.52,None
31 December 2017,136.87,85.72,79.79,44.19,2.61,None
01 January 2018,134.43,53.64,54.25,51.34,4.08,None
02 January 2018,147.92,75.85,56.48,74.33,5.37,1.82
03 January 2018,166.98,87.25,54.83,77.51,8.23,0.72
04 January 2018,169.18,87.66,67.42,71.06,14.22,1.17
05 January 2018,147.81,67.57,73.19,80.32,12.7,1.3
06 January 2018,153.2,68.05,78.61,71.95,8.42,1.23
07 January 2018,147.28,71.02,59.47,85.59,8.12,1.07
08 January 2018,144.65,71.95,64.61,77.07,6.6,1.11
09 January 2018,156.65,77.21,62.97,81.56,6.5,1.23
10 January 2018,160.52,70.19,58.43,83.97,9.76,1.08
11 January 2018,173.87,78.26,75.47,79.79,11.23,1.21
12 January 2018,160.23,72.46,87.07,75.07,17.06,1.38
13 January 2018,148.06,64.08,71.54,75.78,25.45,1.15
14 January 2018,123.91,73.58,56.5,76.03,12.04,1.12
15 January 2018,106.4,78.95,37.16,80.56,4.73,1.03
16 January 2018,119.78,62.49,45.11,61.07,5.86,1
17 January 2018,121.17,57.62,54.25,69.89,6.9,0.97
18 January 2018,132.54,59.03,63.57,57.21,6,1.27
19 January 2018,136.28,54.73,67.14,60.69,13.45,0.97
20 January 2018,135.74,57.09,75.87,62.75,21.25,1.36
21 January 2018,132.42,63.35,67.07,68.91,9.38,1.1
22 January 2018,127.68,66.73,56.2,83.16,5.63,1.28
23 January 2018,114.28,54.39,52.87,74.3,3.98,0.89
24 January 2018,123.62,59.69,45.35,71.82,5.86,0.81
25 January 2018,157.31,67.62,66.19,66.28,16.08,1.08
26 January 2018,148.08,64.7,68.44,83.45,19.88,1.08
27 January 2018,147.85,65.99,66.2,73.73,10.29,1.18
28 January 2018,136.4,63.6,51.31,68.98,4.5,0.97
29 January 2018,180.83,61.61,50.8,68.98,5.72,1.01
30 January 2018,165.12,52.15,61.1,67.82,15.82,0.85
31 January 2018,133.58,46.84,87.31,43.77,16.15,1.26
01 February 2018,121.3,42.74,85.13,44.89,11.02,1.21
02 February 2018,116.27,42.04,91.03,44.88,9.82,1.12
03 February 2018,101.5,35.1,50.3,76.7,7.9,0.94
04 February 2018,90.88,31.41,36.12,78.3,7.21,0.86
05 February 2018,101.19,33.57,45.71,75.24,4.36,0.88
06 February 2018,100.7,40.59,69.04,47.64,4.72,1.02
07 February 2018,131.12,50.45,92.84,48.15,8.49,1.1
08 February 2018,107.81,39.32,74.52,42.73,3.95,1.18
09 February 2018,101.42,45.74,55.19,52.69,7.77,0.89
10 February 2018,113.19,54.09,63.63,43.42,6.47,1.03
11 February 2018,88,70.95,36.21,47.29,1.56,0.64
12 February 2018,81.46,60.29,24.68,50.82,1.28,0.67
13 February 2018,84.04,43.18,34.89,57.11,0.88,0.75
14 February 2018,94.16,45.22,53.05,56.53,3.07,0.95
15 February 2018,116.46,49.45,55.61,58.2,10.81,0.97
16 February 2018,101.71,42.06,58.15,55.54,17.13,0.86
17 February 2018,119,42.6,69.06,55.17,19.15,0.98
18 February 2018,128.99,52.03,76.9,67.07,6.41,1.23
19 February 2018,103.3,41.21,43.92,76.8,4.78,0.86
20 February 2018,99.86,41.33,47.09,68.59,3.92,0.8
21 February 2018,112.28,48.9,52.04,67.59,5.01,0.95
22 February 2018,128.47,51.06,60.19,66.47,7.3,1.08
23 February 2018,124.08,45.82,58.3,64.81,5.29,1.03
24 February 2018,103.64,35.95,53.42,59.19,2.63,0.82
25 February 2018,95.38,31.93,68.89,44.99,3.84,0.71
26 February 2018,110.35,40.93,81.86,55.82,5.39,1.14
27 February 2018,108.16,40.55,85.09,54.99,8.14,1.15
28 February 2018,123.91,52.6,78.8,67.73,7.35,1.17
01 March 2018,116.01,44.91,72.13,61.41,6.76,1.04
02 March 2018,97.58,40.6,47.53,77.9,6.72,1
03 March 2018,98.34,41.91,47.79,80.69,6.64,0.94
04 March 2018,102.62,43.67,47.56,80.31,7.11,0.85
05 March 2018,103.91,38.07,44.96,74.45,7.46,1.24
06 March 2018,97.51,39.72,38.14,84.63,8.77,0.81
07 March 2018,94.17,36.04,41.21,80.43,5.59,1.02
08 March 2018,97.24,39.73,46.67,71.21,6.56,1.04
09 March 2018,123.31,47.5,65.94,62.61,2.86,1.05
10 March 2018,126.22,57.46,46.62,79.82,6.24,1.06
11 March 2018,99.07,44.02,34.72,84.18,4.57,0.86
12 March 2018,123.69,32.08,50.92,62.5,2.44,0.53
13 March 2018,84.83,31.83,50.16,62.63,3.79,0.96
14 March 2018,95.89,37.58,50.12,74.51,4.19,0.92
15 March 2018,104.67,43.25,49.54,69.79,6.75,1.01
16 March 2018,137.66,52.32,45.82,64.16,15.21,1.06
17 March 2018,78,43.88,38.98,68.61,1.96,1
18 March 2018,66.94,32.96,42.86,53.73,1.41,0.79
19 March 2018,82.93,35.92,55.63,68.08,2.43,1.14
20 March 2018,95.33,45.23,63.29,69.76,1.95,1.14
21 March 2018,113.29,50.11,58.45,70.83,9.41,0.89
22 March 2018,151.58,58.45,72.39,47.99,16.29,0.72
23 March 2018,152.04,49.29,82.75,50.12,16.19,0.84
24 March 2018,155.09,54.96,85.02,60.67,15.85,0.9
25 March 2018,146.39,64.41,55.32,70.17,8.54,0.68
26 March 2018,123.4,51.35,43.54,73.35,4.39,0.61
27 March 2018,116.96,48.43,43.58,84.01,7.23,0.48
28 March 2018,109.16,41.85,45.04,81.96,11.55,0.56
29 March 2018,124.47,47.57,50.26,78.03,7.32,0.62
30 March 2018,109.33,43.6,40.35,74.8,4.76,0.58
31 March 2018,110.1,42.01,40.78,82.08,6.2,0.59
01 April 2018,84.15,34.36,30.15,74.98,2.68,0.36
02 April 2018,79.72,32.06,51.86,59.03,1.11,0.6
03 April 2018,100.19,43,44.9,60.86,2.85,0.5
04 April 2018,98.94,38.43,47.79,65.52,4.1,0.67
05 April 2018,94.6,35.41,42.82,58.11,1.86,0.46
06 April 2018,110.35,40.91,48.62,68.46,2.82,0.54
07 April 2018,69.42,22.57,50.69,74.54,4.18,0.56
08 April 2018,56.42,23.56,38.82,63.03,0.52,0.52
09 April 2018,82.64,28.26,48,70.94,1.33,0.62
10 April 2018,90.73,28.5,54.46,50.81,1.42,0.57
11 April 2018,61.65,20.32,32.88,48.7,1.54,0.38
12 April 2018,74.96,23.47,49.78,58.48,5.08,0.54
13 April 2018,63.81,18.24,35.75,59.87,1.5,0.55
14 April 2018,53.3,15.1,31.19,60.02,1.62,0.46
15 April 2018,65.73,23.41,36.82,43.8,3.22,0.51
16 April 2018,98.76,36.09,61.25,56.77,4.14,0.71
17 April 2018,80.66,25.54,40.04,64.78,4.5,0.49
18 April 2018,75.15,24.66,37.97,63.94,4.48,0.38
19 April 2018,109.03,33.24,50.23,58.63,9.64,0.59
20 April 2018,117.48,34.73,55.9,55.06,4.59,0.66
21 April 2018,130.39,35.48,62.95,36.01,3.82,0.77
22 April 2018,96.33,30.96,35.18,72.26,4.7,0.58
23 April 2018,75.01,24.1,27.95,74.35,1.97,0.59
24 April 2018,95.03,23.93,38.51,74.58,2.68,0.4
25 April 2018,83.59,28.36,31.41,73.94,1.74,0.71
26 April 2018,89.45,31.48,42.6,74.06,3.76,0.59
27 April 2018,98.96,30.99,39.66,78.31,3.78,0.78
28 April 2018,82.1,69.73,28.02,49.81,3.36,0.38
29 April 2018,89.09,79.44,25.41,6.39,4.66,0.63
30 April 2018,102.33,57.52,49.26,38.44,4.34,0.47
01 May 2018,118.25,36.45,37.15,66.15,3.57,0.29
02 May 2018,95.15,33.36,13.74,66.26,2.69,0.91
03 May 2018,81.03,25.62,27.73,70.16,1.62,0.34
04 May 2018,43.66,14.65,29.28,76.78,1.75,0.78
05 May 2018,69.54,23.19,26.88,78.34,1.82,0.76
06 May 2018,78.32,26.72,23.54,73.68,3.57,0.45
07 May 2018,82.88,25.72,27.09,73.84,2.28,0.79
08 May 2018,107.02,36.94,50.69,55.05,3.22,1.1
09 May 2018,91.53,35.48,33.01,49.81,4.07,0.7
10 May 2018,69.49,26.27,30.41,66.69,2.15,0.67
11 May 2018,75.82,27.35,29.42,75.57,3.09,0.92
12 May 2018,68,26.03,25.42,76.62,2.21,0.56
13 May 2018,69.58,26.18,26.86,91.59,1.81,1.07
14 May 2018,59.01,23.61,22.04,69.86,1.65,0.98
15 May 2018,45.54,21.45,20.4,55.66,1.65,0.3
16 May 2018,86.19,36.87,30.52,39.99,3.68,0.86
17 May 2018,91.47,34.75,37.02,22.44,1.73,1.23
18 May 2018,73.53,29.88,24.42,76.25,1.28,0.24
19 May 2018,128.07,41.53,34.17,73.31,3.62,0.83
20 May 2018,109.9,36.2,23.1,90.4,2.84,0.5
21 May 2018,131.28,41.67,29.99,90.44,3.36,1.55
22 May 2018,100.74,36.67,23.16,80.43,2.46,1.36
23 May 2018,119.15,42.66,36.72,76.82,2.76,1.2
24 May 2018,94.36,32.84,36.78,62.78,2.24,1.02
25 May 2018,97.3,35.67,28.19,74.34,2.57,0.81
26 May 2018,62.27,20.1,23.46,47.66,0.65,0.93
27 May 2018,65.4,21.76,23.35,71.61,1.29,1.12
28 May 2018,69.17,25.42,20.36,62.62,1.61,0.41
29 May 2018,89.76,29.56,29.03,61.31,2.82,0.46
30 May 2018,73.8,25.5,18.19,62.31,1.63,0.24
31 May 2018,79.93,28.24,24.81,61.58,2.33,1.83
01 June 2018,65.97,31.58,28.32,74.17,1.64,0.48
02 June 2018,57.78,32.18,30.81,46.13,0.88,0.84
03 June 2018,63.51,29.7,21.86,61.25,0.83,0.39
04 June 2018,53.91,27.52,18.23,80.94,0.89,0.28
05 June 2018,63.41,29.32,31.25,60.12,0.86,0.15
06 June 2018,61.3,28.92,23.89,61.33,0.51,0.42
07 June 2018,23.94,15.28,13.21,66.59,0.18,0.47
08 June 2018,33.28,16.96,14.31,57.85,0.83,0.4
09 June 2018,33.71,16.8,14.15,47.9,0.44,0.31
10 June 2018,30.97,14.27,14.44,33,0.3,0.35
11 June 2018,51.64,19.93,18.94,25.17,0.56,0.4
12 June 2018,83.48,23.68,14.26,27.63,0.41,0.27
13 June 2018,89.55,23.48,14.18,29.71,0.37,0.18
14 June 2018,90.09,None,14.27,26.43,4.12,0.11
15 June 2018,75.32,None,14.06,29.79,2.38,0.18
16 June 2018,61.06,None,14.09,32.82,2.89,0.18
17 June 2018,63.21,None,19.31,29.16,2.32,0.2
18 June 2018,42.21,19.56,25.03,25.21,5.29,0.33
19 June 2018,14,34.35,12.25,32.44,2.65,0.27
20 June 2018,31.93,43.74,14.73,39.41,3.44,0.21
21 June 2018,27.71,4.19,17.22,39.26,3.21,0.24
22 June 2018,34.92,13,28.53,36.16,3.69,0.44
23 June 2018,20.05,12.09,12.91,37.18,1.93,0.26
24 June 2018,37.32,14.36,12.8,29.59,3.12,0.21
25 June 2018,41.77,14.72,12.53,25.96,2.71,0.22
26 June 2018,51.26,15.58,12.3,26.35,2.02,0.2
27 June 2018,40.76,15.12,15.27,23.26,2.47,0.21
28 June 2018,47.47,16.67,14.06,27.16,3.11,0.19
29 June 2018,55.33,17.02,14.36,27.1,2.5,0.2
30 June 2018,49.07,17.58,15.85,30.94,3.86,0.2
01 July 2018,34.32,14.47,14.13,35.51,3.29,0.2
02 July 2018,40.45,14.75,14.83,31.82,4.05,0.2
03 July 2018,38.93,15.78,15.14,25.54,3.2,0.18
04 July 2018,59.02,14.67,14.99,35.86,3.93,0.75
05 July 2018,32.82,10.95,12.28,90.4,2.68,0.14
06 July 2018,39.33,15.61,15.8,23.52,2.34,0.21
07 July 2018,34.4,19.03,13.52,26.03,2.72,0.2
08 July 2018,27.96,16.18,11.48,25.09,2.46,0.19
09 July 2018,27.46,15.18,10.88,29.51,2.17,0.18
10 July 2018,40.66,18.59,13.1,23.4,2.13,0.17
11 July 2018,44.57,19.06,11.2,25,2.4,0.17
12 July 2018,12.5,8.42,9.67,23.24,2.63,0.18
13 July 2018,20.51,11.82,10.46,21.96,2.71,0.16
14 July 2018,31.14,12.69,13.65,18.08,3.07,0.19
15 July 2018,None,None,None,None,None,None
16 July 2018,None,None,None,None,None,None
17 July 2018,26.13,13.93,10.71,23.69,2.76,0.17
18 July 2018,30.35,13.65,13.04,19.9,2.3,0.2
19 July 2018,35.05,13.85,13.68,22.75,3.27,0.18
20 July 2018,31.7,11.54,12.67,21.21,1.85,0.18
21 July 2018,55,21.15,16.44,27.8,3.11,0.22
22 July 2018,59.75,22.5,14.69,22.08,2.45,0.15
23 July 2018,62.48,17.03,12.18,29.28,3.31,0.18
24 July 2018,46.58,16.26,14.53,20.85,2.33,0.18
25 July 2018,51.32,16.79,12.37,21.21,3.36,0.17
26 July 2018,38.42,13.89,10.27,21.35,1.93,0.22
27 July 2018,43.02,13,12.64,22.64,2.29,0.17
28 July 2018,52.76,16.88,13.34,23.46,1.71,0.19
29 July 2018,58.33,18.25,13.55,21.48,0.61,0.18
30 July 2018,75.24,21.93,12.74,23.99,2.71,0.17
31 July 2018,62.55,18.5,13.88,22.31,2.73,0.19
01 August 2018,70.98,20.13,13.37,22.8,1.63,0.17
02 August 2018,74.75,23.34,17.71,18.39,1.74,0.25
03 August 2018,89.51,27.41,16.2,21.5,3.58,0.21
04 August 2018,64,19.56,12,22.18,1.8,0.16
05 August 2018,51.59,17.39,16.89,20.51,2.88,0.2
06 August 2018,60.77,19.61,11.37,23.88,2.81,0.17
07 August 2018,47.66,15.47,11.87,23.17,2.88,0.18
08 August 2018,41.77,12.46,13.37,21.16,2.68,0.19
09 August 2018,32.01,11.94,17.68,16.38,2.97,0.31
10 August 2018,31.21,12.08,13.38,21.04,3.14,0.22
11 August 2018,23.82,8.69,10.89,15.79,2.94,0.19
12 August 2018,19.97,8.11,9.75,18.46,2.8,0.15
13 August 2018,22.95,7.02,9.77,17.22,1.63,0.18
14 August 2018,52.15,17,17.63,20.73,2.5,0.27
15 August 2018,57.66,19.81,10.99,24.32,1.78,0.19
16 August 2018,6.12,3.8,8.08,23.39,1.61,0.2
17 August 2018,39.61,14.42,10.89,26.79,3.11,0.21
18 August 2018,29.88,10.91,10.87,23.62,2.92,0.18
19 August 2018,21.3,9.66,11.54,22.57,2.33,0.19
20 August 2018,16.9,7.58,9.28,20.94,2.75,0.17
21 August 2018,16.15,7.62,8.74,20.97,2.74,0.17
22 August 2018,18.94,7.51,11.49,19.61,2.41,0.18
23 August 2018,26.43,8.8,11.24,19.01,3.51,0.17
24 August 2018,19.5,8.55,12.21,20.8,1.39,0.19
25 August 2018,35.48,11.1,13.12,19.9,3.03,0.2
26 August 2018,25.6,9.2,12.46,18.71,2.88,0.2
27 August 2018,23.9,10.1,14.16,15.84,3.75,0.21
28 August 2018,33.3,11.52,15.42,20.44,2.16,0.23
29 August 2018,57.55,16.62,16.28,22,2.01,0.22
30 August 2018,74.45,20.45,17.48,32.29,3.38,0.21
31 August 2018,58.89,18.06,18.94,26.72,2.25,0.3
01 September 2018,51.5,16.23,17.82,24.41,4.29,0.24
02 September 2018,32.48,11.71,14.04,20.61,1.84,0.24
03 September 2018,23.92,8.54,13.72,17.87,3.47,0.22
04 September 2018,54.07,15.36,17.76,21.32,2.19,0.28
05 September 2018,58.09,17.58,17.33,25.55,2.65,0.24
06 September 2018,80.04,23.88,21.86,27.07,2.2,0.31
07 September 2018,63.38,17.97,14.24,27.23,1.89,0.22
08 September 2018,48.88,13.48,17.47,23.39,2.62,0.2
09 September 2018,79.03,22.72,27.42,27.27,3.77,0.31
10 September 2018,88.75,30.68,37.3,40.72,5.01,0.4
11 September 2018,71.28,28.56,41.51,40,3.1,0.54
12 September 2018,45.78,22.13,26.59,38.79,3.26,0.5
13 September 2018,76.5,37.02,29.63,34.23,3.2,0.63
14 September 2018,85.5,33.36,38.42,47.61,2.27,0.49
15 September 2018,84.28,34.49,34.42,36.06,4.66,0.43
16 September 2018,75.66,31.26,28.91,29.62,2.75,0.37
17 September 2018,48.16,21.84,24.42,28.45,4.18,0.31
18 September 2018,59.06,29.13,28.8,29.59,2.97,0.49
19 September 2018,80.48,31.22,26.47,32.17,3.44,0.37
20 September 2018,90.72,34.68,21.7,33.17,3.68,0.33
21 September 2018,72.5,31.14,16.08,32.74,3.57,0.26
22 September 2018,54.09,21.83,14.65,40.9,2.97,0.18
23 September 2018,60.86,26.88,21.4,43.52,2.59,0.3
24 September 2018,71.9,30.94,37.64,32.01,2.66,0.57
25 September 2018,84.7,34.4,33.95,26.62,2.85,0.5
26 September 2018,110.24,45.14,42.58,29.8,3.02,0.69
27 September 2018,77.71,34.84,37.39,38.16,2.93,0.55
28 September 2018,86.99,37.2,36.33,24.17,2.38,0.66
29 September 2018,105.81,50.52,37.53,29.75,4.57,0.78
30 September 2018,134.3,63.58,33.37,47.07,2.81,0.64
01 October 2018,126.71,58.53,41.63,33.46,3.51,0.54
02 October 2018,67.53,28.99,33.58,33.43,4.38,0.39
03 October 2018,68.69,29.9,30.56,35.69,3.18,0.38
04 October 2018,74.61,30.19,33.3,35.84,1.62,0.4
05 October 2018,95.48,33.83,38.46,39.92,5.16,0.4
06 October 2018,119.59,48.74,42.07,42.89,5.74,0.49
07 October 2018,133.76,63.89,41.41,40.28,3.93,0.52
08 October 2018,139.79,61.15,42.83,42.85,4.8,0.5
09 October 2018,150.33,56.46,48.51,39.1,12.69,0.52
10 October 2018,148.97,54.72,54.73,34.53,9.83,0.54
11 October 2018,150.95,47.72,42.64,39.61,14.67,0.44
12 October 2018,131.31,47.15,51.54,40.75,12.26,0.54
13 October 2018,137.51,57.51,55.51,39.82,12.17,0.64
14 October 2018,107.08,47.46,40.24,49.59,8.06,0.42
15 October 2018,100.51,51.5,35.91,39.97,6.27,0.46
16 October 2018,82.22,44.39,29.45,42.59,2.74,0.4
17 October 2018,53.81,34.1,36.79,29.63,4.13,0.51
18 October 2018,57.66,31.92,27.43,33.76,2.39,0.43
19 October 2018,87.22,36.96,45.28,42.72,3.24,0.52
20 October 2018,128.46,52.71,57.58,39.67,4.38,0.66
21 October 2018,129.33,54.79,53.76,41.43,5.88,0.58
22 October 2018,147.29,60.75,64.94,40.78,5.12,0.75
23 October 2018,138.09,61.79,49.77,49.59,5.96,0.57
24 October 2018,126.48,61.51,51.49,42.45,5.72,0.65
25 October 2018,130.48,55.06,54.75,48.53,5.2,0.57
26 October 2018,133.01,46.11,59.03,46.86,12.53,0.53
27 October 2018,149.4,52.01,71.74,43.93,10.91,0.64
28 October 2018,140.09,49.32,41.1,62.51,13.94,0.42
29 October 2018,124.95,42.66,36.4,75.22,25.57,0.39
30 October 2018,120.59,46.37,36.81,75.56,18.22,0.42
31 October 2018,130.05,50.15,52.18,55.97,18.44,0.5
01 November 2018,101.96,41.09,53.62,38.15,6.81,0.53
02 November 2018,57.36,22.55,36.61,27.58,3.17,0.42
03 November 2018,50.96,17.96,32.34,33.54,2.75,0.39
04 November 2018,49.5,18.77,32.33,36.46,3.21,0.41
05 November 2018,64.04,26.38,38.69,35.53,4.4,0.49
06 November 2018,97.25,39.77,43.25,43.46,2.77,0.55
07 November 2018,110.96,52.27,42.89,49.99,7.49,0.47
08 November 2018,103.92,53.17,37.86,61.47,5.84,0.42
09 November 2018,123.78,57.86,47.42,53.82,6.28,0.48
10 November 2018,139.31,56.26,47.62,78.31,15.01,0.49
11 November 2018,124.84,46.69,45.25,69.78,16.11,0.47
12 November 2018,152.85,57.45,45.92,75.93,25.85,0.49
13 November 2018,155.55,61.17,62.73,55.6,28.06,0.6
14 November 2018,161.57,65.86,69.84,55.01,25.24,0.71
15 November 2018,140.14,48.06,52.96,48.93,17.02,0.52
16 November 2018,93.98,32.08,45.23,39.42,7.03,0.47
17 November 2018,51.77,16.84,31.16,29.41,3,0.37
18 November 2018,45.82,13.17,30.46,25.28,3.46,0.32
19 November 2018,56.17,18.48,34.01,29.83,3.3,0.38
20 November 2018,111.95,44.52,45.96,38,3.96,0.55
21 November 2018,130.76,52.41,43.92,53.85,8.33,0.47
22 November 2018,124.08,54.73,54.98,50.59,8.92,0.53
23 November 2018,139.52,63.81,54,51.36,9.95,0.57
24 November 2018,154.47,68.43,63.53,57.34,11.17,0.66
25 November 2018,146.36,60.03,49.99,79.41,15.42,0.52
26 November 2018,142.42,52.07,56.99,74.54,15.04,0.57
27 November 2018,151.76,64.23,70.65,69.31,14.43,0.73
28 November 2018,155.59,73.14,78.12,64.04,6.63,0.85
29 November 2018,150.88,67.93,72.75,62.47,9.36,0.73
30 November 2018,142.42,62.79,61.69,67.83,16.58,0.59
01 December 2018,139.35,65.26,67.28,55.16,11.36,0.7
02 December 2018,None,66.82,60.15,55.61,8.46,0.64
03 December 2018,140.38,68.08,54.54,66.39,5.34,0.69
04 December 2018,141.33,74.72,51.55,60.15,5.12,0.65
05 December 2018,116.16,57.3,40.66,52.76,2.11,0.61
06 December 2018,115.85,58.46,47.23,47.73,2.56,0.68
07 December 2018,92.48,54.97,33.53,49.31,2.28,0.57
08 December 2018,122.9,73.19,33.73,59.69,3.46,0.63
09 December 2018,133.8,83,27.22,61.6,4,0.54
10 December 2018,145.41,74.95,27.93,61.6,5.36,0.56
11 December 2018,146.74,74.52,43.02,47.75,3.51,0.66
12 December 2018,133.04,70.97,37.03,61.3,2.33,0.58
13 December 2018,121.71,68.33,42.88,51.82,1.82,0.62
14 December 2018,125.98,73.92,47.51,36.74,4.4,0.69
15 December 2018,130.72,73.35,36.68,62.55,7.96,0.52
16 December 2018,143.45,74.55,33.78,87,17.88,0.55
17 December 2018,81.07,46.42,29.51,52.71,8.8,0.45
18 December 2018,31.28,15.1,24.8,32.94,4.56,0.28
19 December 2018,57.74,24.11,36.81,35.56,4.14,0.44
20 December 2018,91.45,35.09,56.95,32.04,3.67,0.68
21 December 2018,101.79,45.94,60.28,42.38,4.95,0.65
22 December 2018,127.67,68.62,57.04,64.4,7.63,0.61
23 December 2018,128.97,75.43,49.48,65.59,4.49,0.61
24 December 2018,150.09,74.24,60.75,54.83,5.74,0.72
25 December 2018,150.57,71.14,59.51,74.68,8.9,0.64
26 December 2018,120.25,63.32,45.24,62.66,7.1,0.62
27 December 2018,131.56,62.47,52.97,48.26,12.13,0.59
28 December 2018,144.59,55.83,53.02,65.36,20.4,0.55
29 December 2018,133.33,60,44.38,85.05,21.57,0.51
30 December 2018,135.66,67.66,52.68,79.29,16.04,0.63
31 December 2018,131.72,59.97,69.95,67.43,28.36,0.69
01 January 2019,143.57,64.05,91.31,56.77,35.91,0.91
02 January 2019,145.06,67.49,98.88,61.55,15.34,0.94
03 January 2019,143.57,66.56,89.36,58.86,10.97,0.92
04 January 2019,143.47,70.6,75.01,69.72,15.89,0.71
05 January 2019,138.41,69.2,57.71,78.56,7.1,0.69
06 January 2019,151.53,74.82,44.02,87.77,7.46,0.66
07 January 2019,159.76,76.33,65.94,73.98,5.98,0.84
08 January 2019,169,71.88,81.54,50.82,12.08,0.93
09 January 2019,170.12,74.82,110.99,51.06,23.83,1.03
10 January 2019,155.78,73.55,85.12,68.05,22.28,0.82
11 January 2019,139.45,72.11,50.73,76.28,5.25,0.66
12 January 2019,147.08,77.16,50.2,73.18,6.52,0.65
13 January 2019,112.95,62.35,36.31,74.36,4.36,0.53
14 January 2019,132,71.24,48.83,68.32,5.89,0.64
15 January 2019,141.56,72.31,50.39,65.6,8.76,0.65
16 January 2019,153.32,74.59,56.11,63.81,9.96,0.68
17 January 2019,163.32,74,75.97,56.4,9,0.85
18 January 2019,158.01,72.22,67.98,54.7,7.33,0.77
19 January 2019,156.77,75.28,67.13,57.9,11.27,0.71
20 January 2019,138.72,64.7,74.03,52.91,12.01,0.69
21 January 2019,131.89,61.59,49.78,63.47,5.92,0.58
22 January 2019,94.28,36.09,41.31,55.84,3.49,0.42
23 January 2019,107.08,51.86,38.57,55.74,5.2,0.45
24 January 2019,115.7,51.55,52.02,51.59,5.66,0.54
25 January 2019,80.54,28.9,30.28,43.49,4.19,0.38
26 January 2019,56.16,27.67,24.49,39.36,4.28,0.42
27 January 2019,78.05,47.98,26.16,18.35,3.42,0.47
28 January 2019,101.36,68.42,39.94,29.79,5.38,0.58
29 January 2019,113.86,60.28,42.07,58.43,9.66,0.44
30 January 2019,110.76,48.77,61.33,63.35,13.89,0.54
31 January 2019,113.82,56.54,65.5,52.16,5.4,0.66
01 February 2019,111.24,59.01,50.68,66.35,4.75,0.56
02 February 2019,111.77,53,56.11,54.14,2.93,0.62
03 February 2019,97.16,49.94,46.9,62.22,4.81,0.5
04 February 2019,114.19,58.03,48.37,69.14,3.86,0.59
05 February 2019,118.04,54.29,59.37,69.67,5.63,0.63
06 February 2019,131.22,56.98,59.4,74.99,5.86,0.65
07 February 2019,111.49,49.71,36.6,70.51,7.12,0.47
08 February 2019,139.29,51.92,59.79,46.38,6.33,0.79
09 February 2019,167.04,49.26,44.39,66.82,14.81,0.49
10 February 2019,167.27,44.32,38.7,57.85,24.34,0.33
11 February 2019,117.61,57.63,37.74,56.49,2.81,0.58
12 February 2019,115.94,53.78,46.46,51.5,2.43,0.58
13 February 2019,129.17,57.72,69.17,46.75,4.78,0.66
14 February 2019,129.81,54.16,49.66,63.94,3.9,0.57
15 February 2019,86.49,29.58,23.35,52.48,3.45,0.39
16 February 2019,105.53,41.22,38.97,55.02,4.77,0.58
17 February 2019,92.27,36.48,29.39,57.09,5.79,0.43
18 February 2019,127.5,56.51,44.97,61.2,5.12,0.66
19 February 2019,106.91,44.85,32.73,50.17,4.81,0.49
20 February 2019,83.2,28.11,28.72,38.56,3.83,0.42
21 February 2019,87.8,30.9,35.19,50.38,2.78,0.48
22 February 2019,103.21,35.34,43.29,59.07,5.48,0.54
23 February 2019,125.83,48.07,46.2,75.64,7.62,0.63
24 February 2019,93.06,37.82,27.07,71.82,7.91,0.42
25 February 2019,120.97,38.01,30.94,68.44,8.77,0.42
26 February 2019,131.28,43.55,42.45,53.01,9.62,0.55
27 February 2019,118.92,50.14,40.09,40.94,5.5,0.56
28 February 2019,128.93,43.07,35.67,47.61,7.52,0.46
01 March 2019,103.6,38.83,32.64,51.17,4.88,0.5
02 March 2019,56.55,22.38,16.13,28.24,4.88,0.28
03 March 2019,71.63,23.76,24.19,44.81,3.06,1.23
04 March 2019,96.98,31.58,33.28,49.91,6.71,1.18
05 March 2019,164.52,53.75,39.73,39.42,9.68,0.7
06 March 2019,163.56,56.72,46.82,51.97,14.79,0.71
07 March 2019,173.67,60.46,59.17,70.5,15.75,1.02
08 March 2019,153.18,56.62,46.64,56.39,9.35,0.81
09 March 2019,103.16,38.82,32.49,46.68,8.66,0.67
10 March 2019,91.6,36.48,31.15,41.25,5.46,0.3
11 March 2019,86.91,28.41,25.88,44.82,5.67,0.41
12 March 2019,99.59,31.46,26.24,50.85,5.6,0.33
13 March 2019,105.42,34.97,22.33,59.43,4.47,0.48
14 March 2019,105.99,33.4,25.94,54.96,9.4,0.24
15 March 2019,105.04,37.85,28.06,55.49,11.88,0.83
16 March 2019,95.8,29.09,20.74,62.95,4.65,1.76
17 March 2019,None,None,None,None,None,None
18 March 2019,87.19,21.65,28.73,45.55,3.16,0.12
19 March 2019,70.16,24.55,24.72,42.17,2.11,0.6
20 March 2019,91.73,35.8,26.76,47.13,1.52,0.51
21 March 2019,87.47,32.74,25,52.52,1.51,0.58
22 March 2019,86.07,31.29,29.63,50.23,3.13,0.61
23 March 2019,102.86,36.18,41.72,55.06,1.72,0.74
24 March 2019,103.76,40.03,36.71,61.97,1.8,0.64
25 March 2019,103.67,37.06,41.09,59.19,6.74,0.73
26 March 2019,119.47,39.91,43.38,52.64,2.04,0.74
27 March 2019,112.47,38.51,43.17,59.98,2.31,0.72
28 March 2019,136.4,45.41,42.66,59.87,4.58,0.67
29 March 2019,148.06,52.84,59.05,62.04,6.54,0.87
30 March 2019,124.79,49.51,39.98,74.82,4.01,0.73
31 March 2019,120.74,40.51,30.56,71.78,3.67,0.6
01 April 2019,102.24,31.86,41.67,61.91,4.05,0.7
02 April 2019,114.84,37,31.87,66.99,4.36,0.61
03 April 2019,116.28,38.48,34.69,57.38,2.34,0.72
04 April 2019,106.05,33.33,31.56,54.18,2,0.6
05 April 2019,76.81,24.11,14.53,88.62,1.8,0.45
06 April 2019,68.92,25.44,26.43,74.81,2.77,0.52
07 April 2019,64.92,24.27,14.39,49.22,0.73,0.5
08 April 2019,None,None,None,None,None,None
09 April 2019,None,None,None,None,None,None
10 April 2019,None,None,None,None,None,None
11 April 2019,None,None,None,None,None,None
12 April 2019,98.85,24.08,23.4,86.36,1.39,0.53
13 April 2019,79.33,26.17,38.7,72.06,1.66,0.64
14 April 2019,94.97,32.8,38.11,58.43,2.5,0.68
15 April 2019,89.69,26.8,25.85,66.15,1.98,0.54
16 April 2019,108.98,31.23,28.91,75.65,5.34,0.58
17 April 2019,71.27,24.04,19.64,63.41,2.93,0.53
18 April 2019,110.21,35.46,30.36,65.47,2.37,0.67
19 April 2019,64.85,25.12,25.94,64.75,0.54,0.59
20 April 2019,52.99,19.56,20.55,57.92,0.46,0.51
21 April 2019,52.52,19.44,18.4,62.51,0.35,0.47
22 April 2019,57.31,24.77,28.07,57.9,2.25,0.61
23 April 2019,75.35,25.52,39.09,73.36,3.55,0.73
24 April 2019,77.49,22.38,32.14,71.54,3.72,0.6
25 April 2019,91.55,28.96,31.53,82.9,4.63,0.6
26 April 2019,110.48,37.66,27.93,85.41,5.69,0.63
27 April 2019,129.92,41.58,35.8,80.69,6.57,0.67
28 April 2019,109.3,37.79,23.16,70.02,6.32,0.62
29 April 2019,96.33,32.27,19.01,67.64,4.68,0.64
30 April 2019,102.47,36.4,19.62,None,4.38,0.51
01 May 2019,107.66,35.6,20.74,76.44,4.36,0.52
02 May 2019,134.45,32.8,18.1,64.22,5.69,0.48
03 May 2019,143.67,28.82,13.74,76.94,4.73,0.38
04 May 2019,109.88,25.35,14.27,68.38,5.02,0.41
05 May 2019,115.93,29.64,30.55,52.75,6.39,0.55
06 May 2019,125.56,36.25,50.27,46.66,9.58,0.88
07 May 2019,151.46,47.49,80.81,43.51,9.98,1.32
08 May 2019,147.85,40.77,49.7,57.97,10.27,0.83
09 May 2019,126.93,38.04,50.24,48.72,11.45,0.83
10 May 2019,130.15,39.99,54.13,49.51,13.38,0.89
11 May 2019,125.75,40.8,28.63,70.78,5.27,0.64
12 May 2019,79.24,30.79,25.78,78.05,3.57,0.61
13 May 2019,105.22,34.31,25.73,80.61,4.84,0.58
14 May 2019,102.43,33.08,29.56,75.52,4.33,0.63
15 May 2019,102.76,33.77,30.2,69.42,4.11,0.64
16 May 2019,92.99,30.02,35.75,57.33,6.24,0.72
17 May 2019,118.68,36.33,23.19,68.66,5.07,0.57
18 May 2019,140.91,40.02,32.98,52.08,8.42,0.71
19 May 2019,152.24,50.01,48.95,57.95,10.29,0.84
20 May 2019,123.08,42.39,21.87,76.33,4.64,0.64
21 May 2019,106.35,35.16,16.32,76.28,4.22,0.57
22 May 2019,86.31,29.07,23.74,78.18,4.86,0.53
23 May 2019,110.16,36.68,18.96,76.85,4.85,0.57
24 May 2019,92.17,33.13,39.85,77.66,4.26,0.78
25 May 2019,119.16,42.43,40.45,51.18,7.01,0.87
26 May 2019,139.77,42.42,43.83,51.67,6.68,0.82
27 May 2019,111.02,34.4,27.86,53.89,5.3,0.57
28 May 2019,125.02,34.02,36.55,57.87,5.69,0.7
29 May 2019,142.22,44.27,41.91,76.46,7.28,0.79
30 May 2019,117.19,36.54,19.49,77.09,3.01,0.62
31 May 2019,100.8,30.74,18.04,65.17,3.32,0.75
01 June 2019,84.83,27.7,20.8,62.06,2.56,0.54
02 June 2019,114.76,33.05,22.12,66.06,4.42,0.64
03 June 2019,60.19,21.45,12.59,51.38,2.77,0.5
04 June 2019,51.32,19.7,22.45,58.69,1.38,0.43
05 June 2019,85.65,27.46,26.84,58.25,1.75,0.51
06 June 2019,94.9,31.03,22.3,63.99,2.27,0.47
07 June 2019,65.88,24.28,23.12,72,2.68,0.45
08 June 2019,64,25.79,21.16,68.38,2.02,0.55
09 June 2019,55.31,23.5,20.73,66.41,1.93,0.51
10 June 2019,43.15,17.15,13.94,71.87,1.84,0.43
11 June 2019,36.81,7.43,14.47,47.06,2.8,0.38
12 June 2019,27.25,6.31,9.06,44.86,2.15,0.39
13 June 2019,23.84,5.41,9.67,34.75,1.93,0.36
14 June 2019,39.06,10.88,8.46,36.22,1.71,0.34
15 June 2019,55.02,15.15,8.7,34.81,2,0.31
16 June 2019,55.65,15.23,5.65,32.7,2.25,0.32
17 June 2019,63.21,14,5.94,31.73,2.68,0.34
18 June 2019,58.48,13.83,9.24,33.45,2.05,0.32
19 June 2019,63.83,13.17,8.31,38.15,1.69,0.44
20 June 2019,51.58,9.89,8.61,38.05,2.51,0.42
21 June 2019,62.01,17.55,15.39,41.06,1.7,0.39
22 June 2019,36.22,13.7,12.54,45.27,1.59,0.37
23 June 2019,45.07,15.66,18.66,30.6,1.6,0.41
24 June 2019,37.14,12.83,15.16,40.9,1.91,0.33
25 June 2019,48.52,15.84,24.95,30.8,1.81,0.55
26 June 2019,31.91,8.58,11.45,30.63,2.18,0.31
27 June 2019,22.12,4.59,9.21,29.9,2.07,0.32
28 June 2019,20.85,7.4,8.66,27.51,1.6,0.44
29 June 2019,18.38,6.1,10.57,26.22,1.98,0.41
30 June 2019,24.17,8.34,8.92,32.47,1.49,0.4
01 July 2019,29.95,9.52,9.12,25.54,1.59,0.4
02 July 2019,24.46,9.31,9.47,22.31,2.15,0.39
03 July 2019,38.08,11.91,8.48,25.71,1.38,0.33
04 July 2019,35.25,9.33,7.15,25.06,1.86,0.35
05 July 2019,31.7,8.69,7.36,22.32,1.68,0.33
06 July 2019,41.51,10.18,6.22,25.58,2.07,0.32
07 July 2019,40.36,9.64,5.74,26.07,1.64,0.35
08 July 2019,42.84,11.12,7.02,24.5,1.59,0.38
09 July 2019,33.6,9.26,6.93,23.5,1.45,0.36
10 July 2019,29.44,6.85,7.25,23.44,1.95,0.33
11 July 2019,39.84,7.11,8.8,21.97,2.07,0.39
12 July 2019,31.74,6.38,10.16,20.77,1.37,0.37
13 July 2019,29.15,3.66,9.19,20.04,2.58,0.34
14 July 2019,43.38,9.84,13.81,19,1.83,0.44
15 July 2019,32.67,7.22,10.19,23.59,1.8,0.35
16 July 2019,58.16,13.95,14.78,19.16,2.34,0.51
17 July 2019,51.15,12.45,14.45,26.57,1.78,0.38
18 July 2019,67.52,17.85,19.64,29.39,2.36,0.49
19 July 2019,51.07,19.32,21.26,33.76,1.64,0.49
20 July 2019,25.94,9.66,14.05,35.01,2.07,0.43
21 July 2019,27.61,7.19,14.17,25.79,1.75,0.44
22 July 2019,26.23,3.75,14.89,26.91,1.61,0.37
23 July 2019,25.78,1.84,12.07,26.5,1.83,0.34
24 July 2019,35.59,5.55,13.45,24.05,1.61,0.36
25 July 2019,26.24,4.78,14.93,20.46,1.76,0.46
26 July 2019,28.03,7.7,12.12,17.3,1.63,0.35
27 July 2019,29.34,8.5,12.31,20.54,1.94,0.42
28 July 2019,33.78,9.48,11.98,17.4,2.11,0.42
29 July 2019,25.95,6.79,12.32,16.1,2.47,0.42
30 July 2019,15.17,2.59,11.16,18.18,1.87,0.4
31 July 2019,19.54,4.81,12.13,15.75,1.48,0.37
01 August 2019,18.65,3.78,11.68,15.01,1.79,0.35
02 August 2019,10.74,0.7,11.32,12.99,1.41,0.36
03 August 2019,9.13,1.16,8.9,5.85,1.88,0.17
04 August 2019,9.29,1.04,8.76,None,2.49,0
05 August 2019,12.2,0.93,10.45,17.06,1.55,0.4
06 August 2019,15.56,1.16,11,14.17,1.81,1.07
07 August 2019,18.28,2.45,11.45,12.05,1.48,0.38
08 August 2019,32.17,6,11.45,14.85,2.42,0.63
09 August 2019,32.85,6.45,9.33,20.36,2.22,0.62
10 August 2019,37.4,6.68,11.86,20.32,1.58,0.28
11 August 2019,46.95,10.51,12.97,18.84,1.67,0.5
12 August 2019,44.64,11.68,14.59,17.24,1.4,0.69
13 August 2019,63.76,18.48,19.49,15.45,1.76,0.4
14 August 2019,57.3,14.41,16.44,19.11,2.14,0.25
15 August 2019,42.89,11.3,14.36,19.57,1.81,0.29
16 August 2019,49.05,8.79,17.13,15.64,1.61,0.53
17 August 2019,55.79,12.02,16.41,19.22,1.9,0.39
18 August 2019,123.46,25.54,20.12,4.08,1.81,0.59
19 August 2019,54.11,15.11,18.95,15.05,1.03,0.53
20 August 2019,64.24,16.45,18.31,11.98,1.15,0.33
21 August 2019,54.82,15.5,18.25,16.27,1.64,0.34
22 August 2019,33.47,8.32,15.29,18.27,1.71,0.33
23 August 2019,43.23,12.34,15.12,17.36,1.56,0.35
24 August 2019,27.96,7.97,14.2,19.43,1.36,0.28
25 August 2019,26.4,5.42,10.96,22.17,1.19,0.28
26 August 2019,40.38,10.26,14.32,21.67,1.94,0.27
27 August 2019,61.03,11.65,14.95,24.5,2,0.19
28 August 2019,54.85,9.82,16.36,23.54,0.93,0.3
29 August 2019,36.17,6.48,16.38,16.02,1.71,0.37
30 August 2019,18.13,3.76,14.4,14.55,1.9,0.23
31 August 2019,19.45,4.64,11.58,14.41,2.11,0.29
01 September 2019,12.51,3,9.98,15.06,1.2,0.39
02 September 2019,15.88,4.1,10.98,14.07,1.84,0.2
03 September 2019,15.12,2.85,10.38,13.38,1.76,0.11
04 September 2019,15.88,2.43,10.2,14.85,1.44,0.2
05 September 2019,18.97,4.34,12.17,18.1,1.55,0.11
06 September 2019,23.6,7.69,15.03,12.87,1.87,0.15
07 September 2019,26.01,8.07,14.26,None,1.71,0.21
08 September 2019,24.65,6.76,13.83,None,2,0.29
09 September 2019,32.88,9.22,14.94,13.98,1.92,0.35
10 September 2019,36.94,11.11,15.5,15.53,1.73,0.28
11 September 2019,55.07,15.76,18.39,14.29,1.41,0.26
12 September 2019,48.38,15.49,15.66,9.78,4.98,0.17
13 September 2019,42.53,13.91,15.79,12.74,1.53,0.25
14 September 2019,36.66,12.9,18.84,15.27,1.37,0.15
15 September 2019,35.98,13.08,16.88,16.08,1.52,0.41
16 September 2019,45.8,17.51,15.95,13.13,0.94,0.19
17 September 2019,47.25,19.76,16.91,15.4,1.98,0.21
18 September 2019,35.26,15.92,27.34,25.36,1.99,0.18
19 September 2019,39.15,17.51,21.92,12.87,1.45,0.35
20 September 2019,34.52,15.71,25.68,12.5,1.42,0.24
21 September 2019,55.39,19.79,23,11.61,2.03,0.12
22 September 2019,49.56,20.76,31.51,12.64,1.89,0.17
23 September 2019,51.32,23.42,30.86,9.72,1.87,0.34
24 September 2019,36.73,19.69,35.42,12.05,1.5,0.19
25 September 2019,29.49,18.23,26.31,15.3,1,0.18
26 September 2019,30.02,12.44,18.28,12.85,1.31,0.08
27 September 2019,21.93,6.24,16.98,9.79,0.92,0.26
28 September 2019,37.16,17.28,16.06,14.08,1.97,0.34
29 September 2019,48.38,22.73,24.04,12.07,2.34,0.53
30 September 2019,57.61,29.76,36.32,10.37,2.27,0.89
01 October 2019,55.16,25.77,28.89,14.67,1.24,0.58
02 October 2019,60.35,23.94,28.01,15.04,1.77,0.57
03 October 2019,63.28,23.82,27.81,13.89,1.69,0.52
04 October 2019,64.01,22.34,27.22,15.61,1.94,0.48
05 October 2019,70.05,30.72,29.5,17.81,1.69,0.61
06 October 2019,54.44,29.42,26.05,18.04,0.8,0.53
07 October 2019,75.43,37.99,29.73,20.25,1.45,0.49
08 October 2019,73.82,42.39,27.46,19.65,1.26,0.51
09 October 2019,64.54,41.01,28.36,17.51,1.37,0.61
10 October 2019,55.05,28.09,42.88,14.46,1.73,0.58
11 October 2019,45.77,21.9,29.02,19.47,1.97,0.56
12 October 2019,49.39,23.75,29.55,18.88,1.51,0.43
13 October 2019,53.62,27.1,30.76,19.28,2.03,0.61
14 October 2019,76.26,36.65,28.36,20.02,2.37,0.56
15 October 2019,74.55,39.23,28.09,22.57,1.68,0.47
16 October 2019,87.78,48.41,34.32,24.04,1.54,0.6
17 October 2019,66.43,33.16,35.63,13.83,1.78,0.58
18 October 2019,43.16,15.85,28.25,16.6,2.68,0.54
19 October 2019,40,13.69,28.57,18.54,2.43,0.36
20 October 2019,35.91,15.68,25.94,15.96,1.55,0.55
21 October 2019,35.41,11.8,26.46,17.79,1.84,0.4
22 October 2019,70.95,29.56,31.98,12.37,1.07,0.68
23 October 2019,58.75,24.92,28.69,11.03,1.87,0.56
24 October 2019,39.46,11.72,20.82,9.04,1.98,0.51
25 October 2019,35.99,11.48,23.67,11.21,1.6,0.43
26 October 2019,34.17,10.94,20.51,11.93,2.22,0.5
27 October 2019,44.25,20.82,17.46,13.77,1.62,0.41
28 October 2019,91.54,45.47,23.74,16.94,1.73,0.51
29 October 2019,61.03,28.16,32.75,14.22,1.77,0.64
30 October 2019,57.73,25.09,31.83,16.81,1.78,0.55
31 October 2019,39.52,12.12,27.09,16.77,1.74,0.4
01 November 2019,43.82,14.9,30.04,15.22,1.45,0.32
02 November 2019,53.55,18.04,33.31,16.21,2.21,0.7
03 November 2019,66.41,26.85,31.87,19.49,2.09,0.78
04 November 2019,109.88,48.2,34.75,23.72,1.52,0.82
05 November 2019,156.97,75.35,43.94,23.39,2.71,0.7
06 November 2019,154.81,71.54,43.57,25.78,1.83,0.76
07 November 2019,111.49,54.53,35.95,26.06,2.28,0.5
08 November 2019,120.62,58.5,38.6,27.77,2.06,0.98
09 November 2019,136.24,71.22,34.73,34.04,2.93,0.62
10 November 2019,122.17,57.96,33.49,49.01,4.36,0.29
11 November 2019,96.7,48.26,38.71,29.57,3.04,0.5
12 November 2019,119.55,42.44,33.88,30.61,2.79,0.19
13 November 2019,105.2,44.72,36.32,37.06,3.39,0.23
14 November 2019,108.16,52.01,33.82,36.65,2.97,0.34
15 November 2019,123.15,58.52,44.03,29.66,3.67,0.49
16 November 2019,113.79,54.57,35.83,36.12,3.07,0.27
17 November 2019,None,None,None,None,None,None
18 November 2019,144.97,65.08,47.51,48.42,7.38,0.55
19 November 2019,158.92,75.7,39.11,47.98,7.29,0.41
20 November 2019,149.33,78.22,40.99,37.31,3.07,0.26
21 November 2019,132.14,71.49,38.41,36.66,2.67,0.23
22 November 2019,136.04,67.9,49.33,29.84,1.61,0.4
23 November 2019,140.31,67.12,50.12,28.58,5.14,0.5
24 November 2019,136.88,71.23,44.16,32.58,2.95,0.46
25 November 2019,146.38,75.95,39.33,38.17,3.51,0.45
26 November 2019,131.11,72.34,35.26,35.65,3.14,0.36
27 November 2019,120.01,62.33,39.29,28.95,1.28,1.15
28 November 2019,119.42,61.74,38.9,27.97,2.79,1.21
29 November 2019,106.71,48.84,40.15,28.92,2.04,1
30 November 2019,106.06,50.11,42.22,24.29,2.43,0.79
01 December 2019,96.27,46.74,32.55,24.61,1.88,0.47
02 December 2019,65.53,31.64,29.08,22.78,1.5,0.8
03 December 2019,77.39,40.7,35.99,19.56,2.28,1.09
04 December 2019,124.46,69.46,36.87,30.88,2.04,0.92
05 December 2019,142.43,70.73,50.08,24.39,2.24,1.34
06 December 2019,150.29,79.32,44.09,30.55,3.21,0.92
07 December 2019,136.74,72.23,42.3,32.3,1.76,0.97
08 December 2019,102.5,50.46,38.51,28.02,2.75,0.79
09 December 2019,89.94,40.14,41.89,22.38,2.5,0.86
10 December 2019,94.47,38.34,41.84,23.35,2.15,1.06
11 December 2019,105.07,46.52,44.35,25.21,2,1.17
12 December 2019,83.33,32.49,37.79,23.32,1.22,0.73
13 December 2019,60.22,19.94,27.32,26.51,3.28,0.49
14 December 2019,66.55,24.56,31.72,27.64,1.61,0.65
15 December 2019,65.52,28.57,23.95,27.08,1.42,0.56
16 December 2019,88.61,36.21,35.96,23.73,1.49,0.87
17 December 2019,110.42,55.56,47.22,21.35,2.77,0.99
18 December 2019,135.12,65.27,46.71,22.18,2.69,1.17
19 December 2019,131.5,68.07,42.8,25.65,1.57,1.14
20 December 2019,142.76,72.07,53.88,25.83,3.46,1.29
21 December 2019,139.12,70.05,38.48,33.97,3.11,0.92
22 December 2019,122.04,67.93,32.54,30.13,2.2,0.5
23 December 2019,116.07,60.26,34.11,31.79,1.48,0.63
24 December 2019,96.29,47.29,26.62,34.85,2.52,0.49
25 December 2019,108.12,57.02,27.17,35.87,1.59,0.78
26 December 2019,106.15,48.1,28.88,31.55,1.44,0.76
27 December 2019,115.07,47.9,32.46,29.17,2.28,0.81
28 December 2019,126.03,64.82,33.12,30.15,8.03,0.62
29 December 2019,132.21,68.01,34.61,33.63,6.81,0.67
30 December 2019,114.89,60.78,28.63,37.01,3.36,1.09
31 December 2019,77.28,35.05,30.52,28.84,3.11,0.81
01 January 2020,60.72,28.43,23.85,27.01,2.72,0.69
02 January 2020,46.97,17.17,28.31,19.31,1.97,0.61
03 January 2020,48.58,17.96,22.23,21.31,2.54,0.57
04 January 2020,90.43,44.42,27.69,27.61,2.38,0.76
05 January 2020,101.65,54.12,30.32,28.81,9.1,0.35
06 January 2020,86.22,42.03,29.92,26.65,5.59,1.57
07 January 2020,83.05,39.17,27.89,26.71,1.97,0.12
08 January 2020,71.9,27.26,25.39,23.12,2.7,0
09 January 2020,80.6,34.55,29.69,17.86,2.65,0
10 January 2020,117.21,63.85,31.38,29.48,3.15,0
11 January 2020,127.41,66.66,41.24,27.76,5.39,0
12 January 2020,129.03,58.46,41.06,31.79,5.08,0
13 January 2020,126.02,54.58,51.04,29.18,6.03,0
14 January 2020,122.91,61.72,34.15,42.57,1.68,0
15 January 2020,70.54,33.94,20.41,36.14,2.67,0
16 January 2020,59.12,21.32,21.47,29.69,2.6,0
17 January 2020,52.85,17.18,25.92,23.87,2.34,0
18 January 2020,60.31,21.22,27.91,25.11,1.81,0
19 January 2020,58.81,19.77,23.6,27.36,1.63,0
20 January 2020,73.05,24.99,28.94,25.3,2.69,0
21 January 2020,74.84,23.14,30.64,27.84,3.48,0
22 January 2020,71.02,24.98,31.23,26.98,1.8,0
23 January 2020,98.17,39.59,45.03,22.12,2.55,0
24 January 2020,113.71,45.38,56.2,21.08,2.51,0
25 January 2020,132.82,55.74,51.7,24.9,3.76,0
26 January 2020,123.33,46.71,38.13,29.05,3.23,0
27 January 2020,109.71,44.57,32.69,29.31,3.49,0
28 January 2020,97.94,36.3,20.55,38.43,6.61,0
29 January 2020,129.53,44.4,38.78,31.72,2.14,0
30 January 2020,155.5,59.9,36.21,40.46,4.11,0
31 January 2020,117.67,45.36,40.88,37.87,5.57,0
01 February 2020,70.33,25.39,114,12.85,8.65,0
