Date,Open,High,Low,Close
02-Nov-15,8054.55,8060.7,7995.6,8050.8
03-Nov-15,8086.35,8100.35,8031.75,8060.7
04-Nov-15,8104.9,8116.1,8027.3,8040.2
05-Nov-15,8030.35,8031.2,7944.1,7955.45
06-Nov-15,7956.55,8002.65,7926.15,7954.3
09-Nov-15,7788.25,7937.75,7771.7,7915.2
10-Nov-15,7877.6,7885.1,7772.85,7783.35
11-Nov-15,7838.8,7847.95,7819.1,7825
13-Nov-15,7762.45,7775.1,7730.9,7762.25
16-Nov-15,7732.95,7838.85,7714.15,7806.6
17-Nov-15,7848.75,7860.45,7793,7837.55
18-Nov-15,7823.15,7843.4,7725.05,7731.8
19-Nov-15,7788.5,7854.9,7765.45,7842.75
20-Nov-15,7841.9,7906.95,7817.8,7856.55
23-Nov-15,7869.5,7877.5,7825.2,7849.25
24-Nov-15,7837,7870.35,7812.65,7831.6
26-Nov-15,7837.15,7897.1,7832,7883.8
27-Nov-15,7910.6,7959.3,7879.45,7942.7
30-Nov-15,7936.25,7966,7922.8,7935.25
01-Dec-15,7958.15,7972.15,7934.15,7954.9
02-Dec-15,7976.7,7979.3,7910.8,7931.35
03-Dec-15,7902.3,7912.3,7853.3,7864.15
04-Dec-15,7817.6,7821.4,7775.7,7781.9
07-Dec-15,7816.55,7825.4,7746.05,7765.4
08-Dec-15,7738.5,7771.25,7685.45,7701.7
09-Dec-15,7695.5,7702.85,7606.9,7612.5
10-Dec-15,7643.3,7691.95,7610,7683.3
11-Dec-15,7699.6,7703.05,7575.3,7610.45
14-Dec-15,7558.2,7663.95,7551.05,7650.05
15-Dec-15,7659.15,7705,7625.1,7700.9
16-Dec-15,7725.25,7776.6,7715.75,7750.9
17-Dec-15,7783.05,7852.9,7737.55,7844.35
18-Dec-15,7828.9,7836.15,7753.35,7761.95
21-Dec-15,7745.65,7840.75,7733.45,7834.45
22-Dec-15,7829.4,7846.3,7776.85,7786.1
23-Dec-15,7830.45,7871.45,7826.1,7865.95
24-Dec-15,7888.75,7888.75,7835.5,7861.05
28-Dec-15,7863.2,7937.2,7863,7925.15
29-Dec-15,7929.2,7942.15,7902.75,7928.95
30-Dec-15,7938.6,7944.75,7889.85,7896.25
31-Dec-15,7897.8,7955.55,7891.15,7946.35
01-Jan-16,7938.45,7972.55,7909.8,7963.2
04-Jan-16,7924.55,7937.55,7781.1,7791.3
05-Jan-16,7828.4,7831.2,7763.25,7784.65
06-Jan-16,7788.05,7800.95,7721.2,7741
07-Jan-16,7673.35,7674.95,7556.6,7568.3
08-Jan-16,7611.65,7634.1,7581.05,7601.35
11-Jan-16,7527.45,7605.1,7494.35,7563.85
12-Jan-16,7587.2,7588.3,7487.8,7510.3
13-Jan-16,7557.9,7590.95,7425.8,7562.4
14-Jan-16,7467.4,7604.8,7443.8,7536.8
15-Jan-16,7561.65,7566.5,7427.3,7437.8
18-Jan-16,7420.35,7463.65,7336.4,7351
19-Jan-16,7381.8,7462.75,7364.15,7435.1
20-Jan-16,7357,7470.9,7241.5,7309.3
21-Jan-16,7376.65,7398.7,7250,7276.8
22-Jan-16,7355.7,7433.4,7327.6,7422.45
25-Jan-16,7468.75,7487.15,7421.2,7436.15
27-Jan-16,7469.6,7477.9,7419.7,7437.75
28-Jan-16,7426.5,7468.85,7409.6,7424.65
29-Jan-16,7413.35,7575.65,7402.8,7563.55
01-Feb-16,7589.5,7600.45,7541.25,7555.95
02-Feb-16,7566.65,7576.3,7428.05,7455.55
03-Feb-16,7392.45,7419.4,7350.3,7361.8
04-Feb-16,7411.45,7457.05,7365.95,7404
05-Feb-16,7418.25,7503.15,7406.65,7489.1
08-Feb-16,7489.7,7512.55,7363.2,7387.25
09-Feb-16,7303.95,7323.45,7275.15,7298.2
10-Feb-16,7264.3,7271.85,7177.75,7215.7
11-Feb-16,7203.6,7208.65,6959.95,6976.35
12-Feb-16,7023.65,7034.8,6869,6980.95
15-Feb-16,7057.35,7182.8,7056.8,7162.95
16-Feb-16,7201.25,7204.65,7037.7,7048.25
17-Feb-16,7058.85,7123.7,6960.65,7108.45
18-Feb-16,7177.4,7215.1,7127.85,7191.75
19-Feb-16,7170.55,7226.85,7145.95,7210.75
22-Feb-16,7208.85,7252.4,7200.7,7234.55
23-Feb-16,7240.3,7241.7,7090.7,7109.55
24-Feb-16,7075,7090.8,7009.75,7018.7
25-Feb-16,7029.85,7034.2,6961.4,6970.6
26-Feb-16,7039.3,7052.9,6985.1,7029.75
29-Feb-16,7050.45,7094.6,6825.8,6987.05
01-Mar-16,7038.25,7235.5,7035.1,7222.3
02-Mar-16,7321.7,7380.35,7308.15,7368.85
03-Mar-16,7429.55,7483.95,7406.05,7475.6
04-Mar-16,7505.4,7505.9,7444.1,7485.35
08-Mar-16,7486.4,7527.15,7442.15,7485.3
09-Mar-16,7436.1,7539,7424.3,7531.8
10-Mar-16,7545.35,7547.1,7447.4,7486.15
11-Mar-16,7484.85,7543.95,7460.6,7510.2
14-Mar-16,7542.6,7583.7,7515.05,7538.75
15-Mar-16,7535.85,7545.2,7452.8,7460.6
16-Mar-16,7457.05,7508,7405.15,7498.75
17-Mar-16,7557.4,7585.3,7479.4,7512.55
18-Mar-16,7534.65,7613.6,7517.9,7604.35
21-Mar-16,7619.2,7713.55,7617.7,7704.25
22-Mar-16,7695.55,7728.2,7643.8,7714.9
23-Mar-16,7717.45,7726.85,7670.6,7716.5
28-Mar-16,7741,7749.4,7587.7,7615.1
29-Mar-16,7606.55,7652.9,7582.25,7597
30-Mar-16,7651.1,7741.95,7643.45,7735.2
31-Mar-16,7727.65,7777.6,7702,7738.4
01-Apr-16,7718.05,7740.15,7666.1,7713.05
04-Apr-16,7733.15,7764.45,7704.4,7758.8
05-Apr-16,7736.3,7736.3,7588.65,7603.2
06-Apr-16,7636.05,7638.65,7591.75,7614.35
07-Apr-16,7630.4,7630.75,7535.85,7546.45
08-Apr-16,7542.35,7569.35,7526.7,7555.2
11-Apr-16,7577.8,7678.8,7516.85,7671.4
12-Apr-16,7669.25,7717.4,7663.35,7708.95
13-Apr-16,7777.15,7864.8,7772.2,7850.45
18-Apr-16,7908.15,7920.6,7842.75,7914.7
20-Apr-16,7950.05,7950.4,7877.55,7914.75
21-Apr-16,7953.65,7978.45,7884.1,7912.05
22-Apr-16,7891.8,7923.35,7873.35,7899.3
25-Apr-16,7894.8,7911,7827,7855.05
26-Apr-16,7828.15,7974.5,7822.55,7962.65
27-Apr-16,7942,7991,7940.55,7979.9
28-Apr-16,7967.4,7992,7834.45,7847.25
29-Apr-16,7844.25,7889.05,7788.7,7849.8
02-May-16,7822.7,7829.8,7777.3,7805.9
03-May-16,7824.8,7890.25,7735.15,7747
04-May-16,7724.15,7749,7697.25,7706.55
05-May-16,7731,7777.55,7706.85,7735.5
06-May-16,7717.65,7738.9,7678.35,7733.45
09-May-16,7755.25,7873.65,7753.55,7866.05
10-May-16,7873.55,7896.9,7837.7,7887.8
11-May-16,7804.65,7893.1,7780.9,7848.85
12-May-16,7871.45,7916.05,7849.65,7900.4
13-May-16,7881,7881,7784.2,7814.9
16-May-16,7831.2,7873.9,7772.15,7860.75
17-May-16,7896.85,7940.1,7879.7,7890.75
18-May-16,7846.75,7882.05,7810.75,7870.15
19-May-16,7875.5,7876.2,7766.8,7783.4
20-May-16,7792.2,7812.4,7735.75,7749.7
23-May-16,7813.95,7820.6,7722.2,7731.05
24-May-16,7738.05,7761.55,7715.8,7748.85
25-May-16,7811.8,7941.2,7809.3,7934.9
26-May-16,7974.45,8083,7948.5,8069.65
27-May-16,8081.95,8164.2,8077.05,8156.65
30-May-16,8166.5,8200,8150.8,8178.5
31-May-16,8209.85,8213.6,8134.3,8160.1
01-Jun-16,8179.2,8215.35,8171.05,8179.95
02-Jun-16,8156.9,8229.5,8154.75,8218.95
03-Jun-16,8246.2,8262,8209.85,8220.8
06-Jun-16,8228.75,8234.7,8186.05,8201.05
07-Jun-16,8235.55,8294.95,8216.4,8266.45
08-Jun-16,8285.5,8288.9,8252.05,8273.05
09-Jun-16,8273.35,8273.35,8184.6,8203.6
10-Jun-16,8180.25,8265.6,8162.85,8170.05
13-Jun-16,8102.25,8125.25,8063.9,8110.6
14-Jun-16,8134.4,8134.95,8069.5,8108.85
15-Jun-16,8139.4,8213.2,8123.15,8206.6
16-Jun-16,8180.65,8180.65,8074.45,8140.75
17-Jun-16,8176.65,8195.25,8135.8,8170.2
20-Jun-16,8115.75,8244.15,8107.35,8238.5
21-Jun-16,8255.4,8257.25,8202.15,8219.9
22-Jun-16,8213.65,8238.35,8153.25,8203.7
23-Jun-16,8201.15,8285.6,8188.3,8270.45
24-Jun-16,8029.1,8100.7,7927.05,8088.6
27-Jun-16,8039.35,8120.65,8039.35,8094.7
28-Jun-16,8096.05,8146.35,8086.85,8127.85
29-Jun-16,8173.1,8212.4,8157.65,8204
30-Jun-16,8260.25,8308.15,8242.1,8287.75
01-Jul-16,8313.05,8356.75,8308.65,8328.35
04-Jul-16,8376.75,8398.45,8364.7,8370.7
05-Jul-16,8379.3,8381.45,8319.95,8335.95
07-Jul-16,8342,8361.95,8317.7,8337.9
08-Jul-16,8350,8353.3,8287.55,8323.2
11-Jul-16,8413.35,8475.25,8407.05,8467.9
12-Jul-16,8502.6,8526.6,8479.2,8521.05
13-Jul-16,8540.45,8550.25,8493.55,8519.5
14-Jul-16,8515.75,8571.4,8500.7,8565
15-Jul-16,8565.45,8594.8,8510.05,8541.4
18-Jul-16,8564.05,8587.1,8494.35,8508.7
19-Jul-16,8514.3,8540.05,8476.7,8528.55
20-Jul-16,8515.45,8569.9,8512.55,8565.85
21-Jul-16,8582.7,8585.25,8503.45,8510.1
22-Jul-16,8519.65,8548.95,8489.8,8541.2
25-Jul-16,8519.95,8641.15,8517.2,8635.65
26-Jul-16,8633.75,8644.9,8577.15,8590.65
27-Jul-16,8599.4,8665,8572.05,8615.8
28-Jul-16,8636.95,8674.7,8625.25,8666.3
29-Jul-16,8668.3,8670.35,8631.15,8638.5
01-Aug-16,8654.3,8711.3,8590.5,8636.55
02-Aug-16,8647.45,8687.2,8611.4,8622.9
03-Aug-16,8635.2,8635.45,8529.6,8544.85
04-Aug-16,8599.95,8601.4,8518.15,8551.1
05-Aug-16,8600.2,8689.4,8590.15,8683.15
08-Aug-16,8712.85,8723.5,8697.6,8711.35
09-Aug-16,8727.8,8728.35,8638.2,8678.25
10-Aug-16,8686.7,8690.1,8564.6,8575.3
11-Aug-16,8572.8,8601.15,8540.05,8592.15
12-Aug-16,8605.45,8684.3,8604.45,8672.15
16-Aug-16,8670.25,8682.35,8600.45,8642.55
17-Aug-16,8639.8,8667.1,8603.6,8624.05
18-Aug-16,8648.85,8690.7,8645.05,8673.25
19-Aug-16,8694.3,8696.6,8647.1,8666.9
22-Aug-16,8667,8684.85,8614,8629.15
23-Aug-16,8628.35,8642.15,8580,8632.6
24-Aug-16,8648.5,8661.05,8620.9,8650.3
25-Aug-16,8668.85,8683.05,8583.65,8592.2
26-Aug-16,8614.35,8622.95,8547.55,8572.55
29-Aug-16,8583.75,8622,8543.75,8607.45
30-Aug-16,8646.75,8750.6,8642.25,8744.35
31-Aug-16,8754.05,8819.2,8754.05,8786.2
01-Sep-16,8793.6,8813.25,8759.95,8774.65
02-Sep-16,8796.35,8824.1,8768.2,8809.65
06-Sep-16,8852.7,8950.85,8848.45,8943
07-Sep-16,8968.7,8968.7,8913.35,8917.95
08-Sep-16,8915.5,8960.35,8896,8952.5
09-Sep-16,8934.3,8939.15,8858.7,8866.7
12-Sep-16,8732.95,8746.95,8699.4,8715.6
14-Sep-16,8710.65,8739.85,8688.9,8726.6
15-Sep-16,8743.85,8751.95,8704.35,8742.55
16-Sep-16,8780.85,8847.65,8750.5,8779.85
19-Sep-16,8788.45,8824.3,8774.2,8808.4
20-Sep-16,8816.1,8816.45,8759.3,8775.9
21-Sep-16,8790.3,8826.85,8757.3,8777.15
22-Sep-16,8873.35,8893.35,8837.8,8867.45
23-Sep-16,8880.75,8885.2,8820.3,8831.55
26-Sep-16,8807.9,8809.55,8715.1,8723.05
27-Sep-16,8748.9,8768.5,8690.5,8706.4
28-Sep-16,8711.2,8767.05,8703.15,8745.15
29-Sep-16,8792.7,8800.65,8558.25,8591.25
30-Sep-16,8581.5,8637.15,8555.2,8611.15
03-Oct-16,8666.15,8745.2,8635,8738.1
04-Oct-16,8770,8783.65,8736.1,8769.15
05-Oct-16,8806.35,8806.95,8731.4,8743.95
06-Oct-16,8768.7,8781.15,8684.65,8709.55
07-Oct-16,8721.7,8723.7,8663.8,8697.6
10-Oct-16,8735.35,8745.8,8703.95,8708.8
13-Oct-16,8671.5,8681.55,8541.35,8573.35
14-Oct-16,8594,8604.45,8549.8,8583.4
17-Oct-16,8612.95,8615.4,8506.15,8520.4
18-Oct-16,8556.05,8685.1,8555.9,8677.9
19-Oct-16,8697.5,8698.75,8636.7,8659.1
20-Oct-16,8693.35,8727,8678.3,8699.4
21-Oct-16,8708.6,8709.1,8652.05,8693.05
24-Oct-16,8709.85,8736.95,8684.15,8708.95
25-Oct-16,8721.7,8722.65,8663.45,8691.3
26-Oct-16,8657.3,8657.3,8596.6,8615.25
27-Oct-16,8607.1,8624.85,8550.25,8615.25
28-Oct-16,8625,8653.75,8581.75,8638
30-Oct-16,8672.35,8678.25,8616.25,8625.7
01-Nov-16,8653.15,8669.6,8614.5,8626.25
02-Nov-16,8542.8,8549.5,8504.85,8514
03-Nov-16,8499.85,8537.65,8476.15,8484.95
04-Nov-16,8503.6,8504,8400.25,8433.75
07-Nov-16,8535.75,8535.85,8481.45,8497.05
08-Nov-16,8540,8559.4,8480.1,8543.55
09-Nov-16,8067.5,8476.2,8002.25,8432
10-Nov-16,8555.6,8598.45,8510.7,8525.75
11-Nov-16,8456.65,8460.6,8284.95,8296.3
15-Nov-16,8284.85,8288.55,8093.2,8108.45
16-Nov-16,8205.65,8210.05,8089.4,8111.6
17-Nov-16,8105.1,8151.25,8060.3,8079.95
18-Nov-16,8097.55,8128.95,8048.3,8074.1
21-Nov-16,8102.1,8102.45,7916.4,7929.1
22-Nov-16,7989.15,8019.05,7938.15,8002.3
23-Nov-16,8051.2,8055.2,7973.1,8033.3
24-Nov-16,8011.8,8024.85,7952.55,7965.5
25-Nov-16,8007.95,8122.25,7976.75,8114.3
28-Nov-16,8080.65,8146.5,8066.5,8126.9
29-Nov-16,8131.55,8197.35,8128.7,8142.15
30-Nov-16,8172.15,8234.25,8139.25,8224.5
01-Dec-16,8244,8250.8,8185.05,8192.9
02-Dec-16,8153.55,8159.3,8070.05,8086.8
05-Dec-16,8088.75,8141.9,8056.85,8128.75
06-Dec-16,8153.15,8178.7,8130.85,8143.15
07-Dec-16,8168.4,8190.45,8077.5,8102.05
08-Dec-16,8152.1,8256.25,8151.75,8246.85
09-Dec-16,8271.7,8274.95,8241.95,8261.75
12-Dec-16,8230.65,8230.65,8154.45,8170.8
13-Dec-16,8196.15,8228.85,8155.8,8221.8
14-Dec-16,8229.35,8229.4,8165.1,8182.45
15-Dec-16,8128.4,8225.9,8121.95,8153.6
16-Dec-16,8178.2,8178.7,8127.45,8139.45
19-Dec-16,8126,8132.5,8094.85,8104.35
20-Dec-16,8110.6,8124.1,8062.75,8082.4
21-Dec-16,8105.85,8112.55,8053.25,8061.3
22-Dec-16,8043.85,8046.45,7964.95,7979.1
23-Dec-16,7972.5,8022.6,7942.05,7985.75
26-Dec-16,7965.1,7970.05,7893.8,7908.25
27-Dec-16,7915.05,8044.65,7903.7,8032.85
28-Dec-16,8047.55,8100.55,8028.4,8034.85
29-Dec-16,8030.6,8111.1,8020.8,8103.6
30-Dec-16,8119.65,8197,8114.75,8185.8
02-Jan-17,8210.1,8212,8133.8,8179.5
03-Jan-17,8196.05,8219.1,8148.6,8192.25
04-Jan-17,8202.65,8218.5,8180.9,8190.5
05-Jan-17,8226.65,8282.65,8223.7,8273.8
06-Jan-17,8281.85,8306.85,8233.25,8243.8
09-Jan-17,8259.35,8263,8227.75,8236.05
10-Jan-17,8262.7,8293.8,8261,8288.6
11-Jan-17,8327.8,8389,8322.25,8380.65
12-Jan-17,8391.05,8417.2,8382.3,8407.2
13-Jan-17,8457.65,8461.05,8373.15,8400.35
16-Jan-17,8390.95,8426.7,8374.4,8412.8
17-Jan-17,8415.05,8440.9,8378.3,8398
18-Jan-17,8403.85,8460.3,8397.4,8417
19-Jan-17,8418.4,8445.15,8404.05,8435.1
20-Jan-17,8404.35,8423.65,8340.95,8349.35
23-Jan-17,8329.6,8404.15,8327.2,8391.5
24-Jan-17,8407.05,8480.95,8398.15,8475.8
25-Jan-17,8499.45,8612.6,8493.95,8602.75
27-Jan-17,8610.5,8672.7,8606.9,8641.25
30-Jan-17,8635.55,8662.6,8617.75,8632.75
31-Jan-17,8629.45,8631.75,8552.4,8561.3
01-Feb-17,8570.35,8722.4,8537.5,8716.4
02-Feb-17,8724.75,8757.6,8685.8,8734.25
03-Feb-17,8735.15,8748.25,8707.75,8740.95
06-Feb-17,8785.45,8814.1,8770.2,8801.05
07-Feb-17,8805.7,8809.3,8741.05,8768.3
08-Feb-17,8774.55,8791.25,8715,8769.05
09-Feb-17,8795.55,8821.4,8724.1,8778.4
10-Feb-17,8812.35,8822.1,8771.2,8793.55
13-Feb-17,8819.8,8826.9,8754.2,8805.05
14-Feb-17,8819.9,8820.45,8772.5,8792.3
15-Feb-17,8778.95,8807.9,8712.85,8724.7
16-Feb-17,8739,8783.95,8719.6,8778
17-Feb-17,8883.7,8896.45,8804.25,8821.7
20-Feb-17,8818.55,8886.25,8809.8,8879.2
21-Feb-17,8890.75,8920.8,8860.95,8907.85
22-Feb-17,8931.6,8960.75,8905.25,8926.9
23-Feb-17,8956.4,8982.15,8927.55,8939.5
27-Feb-17,8943.7,8951.8,8888.65,8896.7
28-Feb-17,8898.95,8914.75,8867.6,8879.6
01-Mar-17,8904.4,8960.8,8898.6,8945.8
02-Mar-17,8982.85,8992.5,8879.8,8899.75
03-Mar-17,8883.5,8907.1,8860.1,8897.55
06-Mar-17,8915.1,8967.8,8914,8963.45
07-Mar-17,8977.75,8977.85,8932.8,8946.9
08-Mar-17,8950.7,8957.05,8891.95,8924.3
09-Mar-17,8914.5,8945.8,8899.5,8927
10-Mar-17,8953.7,8975.7,8903.95,8934.55
14-Mar-17,9091.65,9122.75,9060.5,9087
15-Mar-17,9086.85,9106.55,9075.5,9084.8
16-Mar-17,9129.65,9158.45,9128.55,9153.7
17-Mar-17,9207.8,9218.4,9147.6,9160.05
20-Mar-17,9166.95,9167.6,9116.3,9126.85
21-Mar-17,9133.95,9147.75,9087.2,9121.5
22-Mar-17,9047.2,9072.9,9019.3,9030.45
23-Mar-17,9048.75,9099.05,9048.6,9086.3
24-Mar-17,9104,9133.55,9089.4,9108
27-Mar-17,9093.45,9094.85,9024.65,9045.2
28-Mar-17,9081.5,9110.4,9079.8,9100.8
29-Mar-17,9128.7,9153.15,9109.1,9143.8
30-Mar-17,9142.6,9183.15,9136.35,9173.75
31-Mar-17,9158.9,9191.7,9152.1,9173.75
03-Apr-17,9220.6,9245.35,9192.4,9237.85
05-Apr-17,9264.4,9273.9,9215.4,9265.15
06-Apr-17,9245.8,9267.95,9218.85,9261.95
07-Apr-17,9223.7,9250.5,9188.1,9198.3
10-Apr-17,9225.6,9225.65,9174.85,9181.45
11-Apr-17,9184.55,9242.7,9172.85,9237
12-Apr-17,9242.5,9246.4,9161.8,9203.45
13-Apr-17,9202.5,9202.65,9144.95,9150.8
17-Apr-17,9144.75,9160,9120.25,9139.3
18-Apr-17,9163,9217.9,9095.45,9105.15
19-Apr-17,9112.2,9120.5,9075.15,9103.5
20-Apr-17,9108.1,9143.9,9102.65,9136.4
21-Apr-17,9179.1,9183.65,9088.75,9119.4
24-Apr-17,9135.35,9225.4,9130.55,9217.95
25-Apr-17,9273.05,9309.2,9250.35,9306.6
26-Apr-17,9336.2,9367,9301.35,9351.85
27-Apr-17,9359.15,9367.15,9322.65,9342.15
28-Apr-17,9340.95,9342.65,9282.25,9304.05
02-May-17,9339.85,9352.55,9269.9,9313.8
03-May-17,9344.7,9346.3,9298.4,9311.95
04-May-17,9360.95,9365.65,9323.25,9359.9
05-May-17,9374.55,9377.1,9272,9285.3
08-May-17,9311.45,9338.7,9297.95,9314.05
09-May-17,9337.35,9338.95,9307.7,9316.85
10-May-17,9339.65,9414.75,9336,9407.3
11-May-17,9448.6,9450.65,9411.3,9422.4
12-May-17,9436.65,9437.75,9372.55,9400.9
15-May-17,9433.55,9449.25,9423.1,9445.4
16-May-17,9461,9517.2,9456.35,9512.25
17-May-17,9517.6,9532.6,9486.1,9525.75
18-May-17,9453.2,9489.1,9418.1,9429.45
19-May-17,9469.9,9505.75,9390.75,9427.9
22-May-17,9480.25,9498.65,9427.9,9438.25
23-May-17,9445.05,9448.05,9370,9386.15
24-May-17,9410.9,9431.9,9341.65,9360.55
25-May-17,9384.05,9523.3,9379.2,9509.75
26-May-17,9507.75,9604.9,9495.4,9595.1
29-May-17,9560.05,9637.75,9547.7,9604.9
30-May-17,9590.65,9635.3,9581.2,9624.55
31-May-17,9636.55,9649.6,9609.25,9621.25
01-Jun-17,9603.55,9634.65,9589.9,9616.1
02-Jun-17,9657.15,9673.5,9637.45,9653.5
05-Jun-17,9656.3,9687.2,9640.7,9675.1
06-Jun-17,9704.25,9709.3,9630.2,9637.15
07-Jun-17,9663.95,9678.55,9630.55,9663.9
08-Jun-17,9682.4,9688.7,9641.5,9647.25
09-Jun-17,9638.55,9676.25,9608.15,9668.25
12-Jun-17,9646.7,9647.05,9598.5,9616.4
13-Jun-17,9615.55,9654.15,9595.4,9606.9
14-Jun-17,9621.55,9627.4,9580.45,9618.15
15-Jun-17,9617.9,9621.4,9560.8,9578.05
16-Jun-17,9595.45,9615.85,9565.5,9588.05
19-Jun-17,9626.4,9673.3,9614.9,9657.55
20-Jun-17,9670.5,9676.5,9643.75,9653.5
21-Jun-17,9648.1,9650.45,9608.6,9633.6
22-Jun-17,9642.65,9698.85,9617.75,9630
23-Jun-17,9643.25,9647.65,9565.3,9574.95
27-Jun-17,9594.05,9615.4,9473.45,9511.4
28-Jun-17,9520.2,9522.5,9474.35,9491.25
29-Jun-17,9522.95,9575.8,9493.8,9504.1
30-Jun-17,9478.5,9535.8,9448.75,9520.9
03-Jul-17,9587.95,9624,9543.55,9615
04-Jul-17,9645.9,9650.65,9595.5,9613.3
05-Jul-17,9619.75,9643.65,9607.35,9637.6
06-Jul-17,9653.6,9700.7,9639.95,9674.55
07-Jul-17,9670.35,9684.25,9642.65,9665.8
10-Jul-17,9719.3,9782.15,9646.45,9771.05
11-Jul-17,9797.45,9830.05,9778.85,9786.05
12-Jul-17,9807.3,9824.95,9787.7,9816.1
13-Jul-17,9855.8,9897.25,9853.45,9891.7
14-Jul-17,9913.3,9913.3,9845.45,9886.35
17-Jul-17,9908.15,9928.2,9894.7,9915.95
18-Jul-17,9832.7,9885.35,9792.05,9827.15
19-Jul-17,9855.95,9905.05,9851.65,9899.6
20-Jul-17,9920.2,9922.55,9863.45,9873.3
21-Jul-17,9899.6,9924.7,9838,9915.25
24-Jul-17,9936.8,9982.05,9919.6,9966.4
25-Jul-17,10010.55,10011.3,9949.1,9964.55
26-Jul-17,9983.65,10025.95,9965.95,10020.65
27-Jul-17,10063.25,10114.85,10005.5,10020.55
28-Jul-17,9996.55,10026.05,9944.5,10014.5
31-Jul-17,10034.7,10085.9,10016.95,10077.1
01-Aug-17,10101.05,10128.6,10065.75,10114.65
02-Aug-17,10136.3,10137.85,10054.2,10081.5
03-Aug-17,10081.15,10081.15,9998.25,10013.65
04-Aug-17,10008.6,10075.25,9988.35,10066.4
07-Aug-17,10074.8,10088.1,10046.35,10057.4
08-Aug-17,10068.35,10083.8,9947,9978.55
09-Aug-17,9961.15,9969.8,9893.05,9908.05
10-Aug-17,9872.85,9892.65,9776.2,9820.25
11-Aug-17,9712.15,9771.65,9685.55,9710.8
14-Aug-17,9755.75,9818.3,9752.1,9794.15
16-Aug-17,9825.85,9903.95,9773.85,9897.3
17-Aug-17,9945.55,9947.8,9883.75,9904.15
18-Aug-17,9865.95,9865.95,9783.65,9837.4
21-Aug-17,9864.25,9884.35,9740.1,9754.35
22-Aug-17,9815.75,9828.45,9752.6,9765.55
23-Aug-17,9803.05,9857.9,9786.75,9852.5
24-Aug-17,9881.2,9881.5,9848.85,9857.05
28-Aug-17,9907.15,9925.75,9882,9912.8
29-Aug-17,9886.4,9887.35,9783.75,9796.05
30-Aug-17,9859.5,9909.45,9850.8,9884.4
31-Aug-17,9905.7,9925.1,9856.95,9917.9
01-Sep-17,9937.65,9983.45,9909.85,9974.4
04-Sep-17,9984.15,9988.4,9861,9912.85
05-Sep-17,9933.25,9963.1,9901.05,9952.2
06-Sep-17,9899.25,9931.55,9882.55,9916.2
07-Sep-17,9945.85,9964.85,9917.2,9929.9
08-Sep-17,9958.65,9963.6,9913.3,9934.8
11-Sep-17,9971.75,10028.65,9968.8,10006.05
12-Sep-17,10056.85,10097.55,10028.05,10093.05
13-Sep-17,10099.25,10131.95,10063.15,10079.3
14-Sep-17,10107.4,10126.5,10070.35,10086.6
15-Sep-17,10062.35,10115.15,10043.65,10085.4
18-Sep-17,10133.1,10171.7,10131.3,10153.1
19-Sep-17,10175.6,10178.95,10129.95,10147.55
20-Sep-17,10160.95,10171.05,10134.2,10141.15
21-Sep-17,10139.6,10158.9,10058.6,10121.9
22-Sep-17,10094.35,10095.05,9952.8,9964.4
25-Sep-17,9960.1,9960.5,9816.05,9872.6
26-Sep-17,9875.25,9891.35,9813,9871.5
27-Sep-17,9920.6,9921.05,9714.4,9735.75
28-Sep-17,9736.4,9789.2,9687.55,9768.95
29-Sep-17,9814.3,9854,9775.35,9788.6
03-Oct-17,9893.3,9895.4,9831.05,9859.5
04-Oct-17,9884.35,9938.3,9850.65,9914.9
05-Oct-17,9927,9945.95,9881.85,9888.7
06-Oct-17,9908.15,9989.35,9906.6,9979.7
09-Oct-17,9988.2,10015.75,9959.45,9988.75
10-Oct-17,10013.7,10034,10002.3,10016.95
11-Oct-17,10042.6,10067.25,9955.8,9984.8
12-Oct-17,10011.2,10104.45,9977.1,10096.4
13-Oct-17,10123.7,10191.9,10120.1,10167.45
16-Oct-17,10207.4,10242.95,10175.1,10230.85
17-Oct-17,10227.65,10251.85,10212.6,10234.45
18-Oct-17,10209.4,10236.45,10175.75,10210.85
19-Oct-17,10210.35,10211.95,10123.35,10146.55
23-Oct-17,10176.65,10224.15,10124.5,10184.85
24-Oct-17,10218.55,10237.75,10182.4,10207.7
25-Oct-17,10321.15,10340.55,10240.9,10295.35
26-Oct-17,10291.8,10355.65,10271.85,10343.8
27-Oct-17,10362.3,10366.15,10311.3,10323.05
30-Oct-17,10353.85,10384.5,10344.3,10363.65
31-Oct-17,10364.9,10367.7,10323.95,10335.3
01-Nov-17,10390.35,10451.65,10383.05,10440.5
02-Nov-17,10440.5,10453,10412.55,10423.8
03-Nov-17,10461.55,10461.7,10403.6,10452.5
06-Nov-17,10431.75,10490.45,10413.75,10451.8
07-Nov-17,10477.15,10485.75,10340.8,10350.15
08-Nov-17,10361.95,10384.25,10285.5,10303.15
09-Nov-17,10358.65,10368.45,10266.95,10308.95
10-Nov-17,10304.35,10344.95,10254.1,10321.75
13-Nov-17,10322,10334.15,10216.25,10224.95
14-Nov-17,10223.4,10248,10175.55,10186.6
15-Nov-17,10171.95,10175.45,10094,10118.05
16-Nov-17,10152.9,10232.25,10139.2,10214.75
17-Nov-17,10324.55,10343.6,10268.05,10283.6
20-Nov-17,10287.2,10309.85,10261.5,10298.75
21-Nov-17,10329.25,10358.7,10315.05,10326.9
22-Nov-17,10350.8,10368.7,10309.55,10342.3
23-Nov-17,10358.45,10374.3,10307.3,10348.75
24-Nov-17,10366.8,10404.5,10362.25,10389.7
27-Nov-17,10361.05,10407.15,10340.2,10399.55
28-Nov-17,10387.9,10409.55,10355.2,10370.25
29-Nov-17,10376.65,10392.95,10345.9,10361.3
30-Nov-17,10332.7,10332.7,10211.25,10226.55
01-Dec-17,10263.7,10272.7,10108.55,10121.8
04-Dec-17,10175.05,10179.2,10095.7,10127.75
05-Dec-17,10118.25,10147.95,10069.1,10118.25
06-Dec-17,10088.8,10104.2,10033.35,10044.1
07-Dec-17,10063.45,10182.65,10061.9,10166.7
08-Dec-17,10198.45,10270.85,10195.25,10265.65
11-Dec-17,10310.5,10329.2,10282.05,10322.25
12-Dec-17,10324.9,10326.1,10230.2,10240.15
13-Dec-17,10236.6,10296.55,10169.85,10192.95
14-Dec-17,10229.3,10276.1,10141.55,10252.1
15-Dec-17,10345.65,10373.1,10319.65,10333.25
18-Dec-17,10263.1,10443.55,10074.8,10388.75
19-Dec-17,10414.8,10472.2,10406,10463.2
20-Dec-17,10494.4,10494.45,10437.15,10444.2
21-Dec-17,10473.95,10473.95,10426.9,10440.3
22-Dec-17,10457.3,10501.1,10448.25,10493
26-Dec-17,10512.3,10545.45,10477.95,10531.5
27-Dec-17,10531.05,10552.4,10469.25,10490.75
28-Dec-17,10498.2,10534.55,10460.45,10477.9
29-Dec-17,10492.35,10538.7,10488.65,10530.7
01-Jan-18,10531.7,10537.85,10423.1,10435.55
02-Jan-18,10477.55,10495.2,10404.65,10442.2
03-Jan-18,10482.65,10503.6,10429.55,10443.2
04-Jan-18,10469.4,10513,10441.45,10504.8
05-Jan-18,10534.25,10566.1,10520.1,10558.85
08-Jan-18,10591.7,10631.2,10588.55,10623.6
09-Jan-18,10645.1,10659.15,10603.6,10637
10-Jan-18,10652.05,10655.5,10592.7,10632.2
11-Jan-18,10637.05,10664.6,10612.35,10651.2
12-Jan-18,10682.55,10690.4,10597.1,10681.25
15-Jan-18,10718.5,10782.65,10713.8,10741.55
16-Jan-18,10761.5,10762.35,10687.85,10700.45
17-Jan-18,10702.45,10803,10666.75,10788.55
18-Jan-18,10873.4,10887.5,10782.4,10817
19-Jan-18,10829.2,10906.85,10793.9,10894.7
22-Jan-18,10883.2,10975.1,10881.4,10966.2
23-Jan-18,10997.4,11092.9,10994.55,11083.7
24-Jan-18,11069.35,11110.1,11046.15,11086
25-Jan-18,11095.6,11095.6,11009.2,11069.65
29-Jan-18,11079.35,11171.55,11075.95,11130.4
30-Jan-18,11120.85,11121.1,11033.9,11049.65
31-Jan-18,11018.8,11058.5,10979.3,11027.7
01-Feb-18,11044.55,11117.35,10878.8,11016.9
02-Feb-18,10938.2,10954.95,10736.1,10760.6
05-Feb-18,10604.3,10702.75,10586.8,10666.55
06-Feb-18,10295.15,10594.15,10276.3,10498.25
07-Feb-18,10607.2,10614,10446.4,10476.7
08-Feb-18,10518.5,10637.8,10479.55,10576.85
09-Feb-18,10416.5,10480.2,10398.2,10454.95
12-Feb-18,10518.2,10555.5,10485.4,10539.75
14-Feb-18,10585.75,10590.55,10456.65,10500.9
15-Feb-18,10537.9,10618.1,10511.05,10545.5
16-Feb-18,10596.2,10612.9,10434.05,10452.3
19-Feb-18,10488.9,10489.35,10302.75,10378.4
20-Feb-18,10391,10429.35,10347.65,10360.4
21-Feb-18,10426,10426.1,10349.6,10397.45
22-Feb-18,10354.35,10397.55,10340.65,10382.7
23-Feb-18,10408.1,10499.1,10396.65,10491.05
26-Feb-18,10526.55,10592.95,10520.2,10582.6
27-Feb-18,10615.2,10631.65,10537.25,10554.3
28-Feb-18,10488.95,10535.5,10461.55,10492.85
01-Mar-18,10479.95,10525.5,10447.15,10458.35
05-Mar-18,10428.3,10428.7,10323.9,10358.85
06-Mar-18,10420.5,10441.35,10215.9,10249.25
07-Mar-18,10232.95,10243.35,10141.55,10154.2
08-Mar-18,10216.25,10270.35,10146.4,10242.65
09-Mar-18,10271.3,10296.7,10211.9,10226.85
12-Mar-18,10301.6,10433.65,10295.45,10421.4
13-Mar-18,10389.5,10478.6,10377.85,10426.85
14-Mar-18,10393.05,10420.35,10336.3,10410.9
15-Mar-18,10405.45,10420,10346.2,10360.15
16-Mar-18,10345.15,10346.3,10180.25,10195.15
19-Mar-18,10215.35,10224.55,10075.3,10094.25
20-Mar-18,10051.55,10155.65,10049.1,10124.35
21-Mar-18,10181.95,10227.3,10132.95,10155.25
22-Mar-18,10167.5,10207.85,10105.4,10114.75
23-Mar-18,9968.8,10027.7,9951.9,9998.05
26-Mar-18,9989.15,10143.5,9958.55,10130.65
27-Mar-18,10188,10207.9,10139.65,10184.15
28-Mar-18,10143.6,10158.35,10096.9,10113.7
02-Apr-18,10151.65,10220.1,10127.75,10211.8
03-Apr-18,10186.85,10255.35,10171.05,10245
04-Apr-18,10274.6,10279.85,10111.3,10128.4
05-Apr-18,10228.45,10331.8,10227.45,10325.15
06-Apr-18,10322.75,10350.45,10290.85,10331.6
09-Apr-18,10333.7,10397.7,10328.5,10379.35
10-Apr-18,10412.9,10424.85,10381.5,10402.25
11-Apr-18,10428.15,10428.15,10355.6,10417.15
12-Apr-18,10410.65,10469.9,10395.25,10458.65
13-Apr-18,10495.3,10519.9,10451.45,10480.6
16-Apr-18,10398.3,10540.15,10396.35,10528.35
17-Apr-18,10557.3,10560.45,10495.65,10548.7
18-Apr-18,10578.9,10594.2,10509.7,10526.2
19-Apr-18,10563.65,10572.2,10546.2,10565.3
20-Apr-18,10560.35,10582.35,10527.45,10564.05
23-Apr-18,10592.8,10638.35,10514.95,10584.7
24-Apr-18,10578.1,10636.8,10569,10614.35
25-Apr-18,10612.4,10612.6,10536.45,10570.55
26-Apr-18,10586.5,10628.4,10559.65,10617.8
27-Apr-18,10651.65,10719.8,10647.55,10692.3
30-Apr-18,10705.75,10759,10704.6,10739.35
02-May-18,10783.85,10784.65,10689.8,10718.05
03-May-18,10720.15,10720.6,10647.45,10679.65
04-May-18,10700.45,10700.45,10601.6,10618.25
07-May-18,10653.15,10725.65,10635.65,10715.5
08-May-18,10757.9,10758.55,10689.4,10717.8
09-May-18,10693.35,10766.25,10689.85,10741.7
10-May-18,10779.65,10785.55,10705,10716.55
11-May-18,10741.95,10812.05,10724.45,10806.5
14-May-18,10815.15,10834.85,10774.75,10806.6
15-May-18,10812.6,10929.2,10781.4,10801.85
16-May-18,10751.95,10790.45,10699.7,10741.1
17-May-18,10775.6,10777.25,10664.5,10682.7
18-May-18,10671.85,10674.95,10589.1,10596.4
21-May-18,10616.7,10621.7,10505.8,10516.7
22-May-18,10518.45,10558.6,10490.55,10536.7
23-May-18,10521.1,10533.55,10417.8,10430.35
24-May-18,10464.85,10535.15,10419.8,10513.85
25-May-18,10533.05,10628.05,10524,10605.15
28-May-18,10648.35,10709.8,10640.55,10688.65
29-May-18,10689.4,10717.25,10616.1,10633.3
30-May-18,10579,10648.7,10558.45,10614.35
31-May-18,10670.1,10763.8,10620.4,10736.15
01-Jun-18,10738.45,10764.75,10681.5,10696.2
04-Jun-18,10765.95,10770.3,10618.35,10628.5
05-Jun-18,10630.7,10633.15,10550.9,10593.15
06-Jun-18,10603.45,10698.35,10587.5,10684.65
07-Jun-18,10722.6,10818,10722.6,10768.35
08-Jun-18,10736.4,10779.45,10709.05,10767.65
11-Jun-18,10781.85,10850.55,10777.05,10786.95
12-Jun-18,10816.15,10856.55,10789.4,10842.85
13-Jun-18,10887.5,10893.25,10842.65,10856.7
14-Jun-18,10832.9,10833.7,10773.55,10808.05
15-Jun-18,10808.65,10834,10755.4,10817.7
18-Jun-18,10830.2,10830.2,10787.35,10799.85
19-Jun-18,10789.45,10789.45,10701.2,10710.45
20-Jun-18,10734.65,10781.8,10724.05,10772.05
21-Jun-18,10808.45,10809.6,10725.9,10741.1
22-Jun-18,10742.7,10837,10710.45,10821.85
25-Jun-18,10822.9,10831.05,10753.05,10762.45
26-Jun-18,10742.7,10805.25,10732.55,10769.15
27-Jun-18,10785.5,10785.5,10652.4,10671.4
28-Jun-18,10660.8,10674.2,10557.7,10589.1
29-Jun-18,10612.85,10723.05,10612.35,10714.3
02-Jul-18,10732.35,10736.15,10604.65,10657.3
03-Jul-18,10668.6,10713.3,10630.25,10699.9
04-Jul-18,10715,10777.15,10677.75,10769.9
05-Jul-18,10786.05,10786.05,10726.25,10749.75
06-Jul-18,10744.15,10816.35,10735.05,10772.65
09-Jul-18,10838.3,10860.35,10807.15,10852.9
10-Jul-18,10902.75,10956.9,10876.65,10947.25
11-Jul-18,10956.4,10976.65,10923,10948.3
12-Jul-18,11006.95,11078.3,10999.65,11023.2
13-Jul-18,11056.9,11071.35,10999.75,11018.9
16-Jul-18,11018.95,11019.5,10926.25,10936.85
17-Jul-18,10939.65,11018.5,10925.6,11008.05
18-Jul-18,11060.2,11076.2,10956.3,10980.45
19-Jul-18,10999.5,11006.5,10935.45,10957.1
20-Jul-18,10963.5,11030.25,10946.2,11010.2
23-Jul-18,11019.85,11093.4,11010.95,11084.75
24-Jul-18,11109,11143.4,11092.5,11134.3
25-Jul-18,11148.4,11157.15,11113.25,11132
26-Jul-18,11132.95,11185.85,11125.7,11167.3
27-Jul-18,11232.75,11283.4,11210.25,11278.35
30-Jul-18,11296.65,11328.1,11261.45,11319.55
31-Jul-18,11311.05,11366,11267.75,11356.5
01-Aug-18,11359.8,11390.55,11313.55,11346.2
02-Aug-18,11328.9,11328.9,11234.95,11244.7
03-Aug-18,11297.8,11368,11294.55,11360.8
06-Aug-18,11401.5,11427.65,11370.6,11387.1
07-Aug-18,11423.15,11428.95,11359.7,11389.45
08-Aug-18,11412.5,11459.95,11379.3,11450
09-Aug-18,11493.25,11495.2,11454.1,11470.7
10-Aug-18,11474.95,11478.75,11419.65,11429.5
13-Aug-18,11369.6,11406.3,11340.3,11355.75
14-Aug-18,11381.7,11452.45,11370.8,11435.1
16-Aug-18,11397.15,11449.85,11366.25,11385.05
17-Aug-18,11437.15,11486.45,11431.8,11470.75
20-Aug-18,11502.1,11565.3,11499.65,11551.75
21-Aug-18,11576.2,11581.75,11539.6,11570.9
23-Aug-18,11620.7,11620.7,11546.7,11582.75
24-Aug-18,11566.6,11604.6,11532,11557.1
27-Aug-18,11605.85,11700.95,11595.6,11691.95
28-Aug-18,11731.95,11760.2,11710.5,11738.5
29-Aug-18,11744.95,11753.2,11678.85,11691.9
30-Aug-18,11694.75,11698.8,11639.7,11676.8
31-Aug-18,11675.85,11727.65,11640.1,11680.5
03-Sep-18,11751.8,11751.8,11567.4,11582.35
04-Sep-18,11598.75,11602.55,11496.85,11520.3
05-Sep-18,11514.85,11542.65,11393.85,11476.95
06-Sep-18,11514.15,11562.25,11436.05,11536.9
07-Sep-18,11558.25,11603,11484.4,11589.1
10-Sep-18,11570.25,11573,11427.3,11438.1
11-Sep-18,11476.85,11479.4,11274,11287.5
12-Sep-18,11340.1,11380.75,11250.2,11369.9
14-Sep-18,11443.5,11523.25,11430.55,11515.2
17-Sep-18,11464.95,11464.95,11366.9,11377.75
18-Sep-18,11381.55,11411.45,11268.95,11278.9
19-Sep-18,11326.65,11332.05,11210.9,11234.35
21-Sep-18,11271.3,11346.8,10866.45,11143.1
24-Sep-18,11164.4,11170.15,10943.6,10967.4
25-Sep-18,10969.95,11080.6,10882.85,11067.45
26-Sep-18,11145.55,11145.55,10993.05,11053.8
27-Sep-18,11079.8,11089.45,10953.35,10977.55
28-Sep-18,11008.1,11034.1,10850.3,10930.45
01-Oct-18,10930.9,11035.65,10821.55,11008.3
03-Oct-18,10982.7,10989.05,10843.75,10858.25
04-Oct-18,10754.7,10754.7,10547.25,10599.25
05-Oct-18,10514.1,10540.65,10261.9,10316.45
08-Oct-18,10310.15,10398.35,10198.4,10348.05
09-Oct-18,10390.3,10397.6,10279.35,10301.05
10-Oct-18,10331.85,10482.35,10318.25,10460.1
11-Oct-18,10169.8,10335.95,10138.6,10234.65
12-Oct-18,10331.55,10492.45,10322.15,10472.5
15-Oct-18,10524.2,10526.3,10410.15,10512.5
16-Oct-18,10550.15,10604.9,10525.3,10584.75
17-Oct-18,10688.7,10710.15,10436.45,10453.05
19-Oct-18,10339.7,10380.1,10249.6,10303.55
22-Oct-18,10405.85,10408.55,10224,10245.25
23-Oct-18,10152.6,10222.1,10102.35,10146.8
24-Oct-18,10278.15,10290.65,10126.7,10224.75
25-Oct-18,10135.05,10166.6,10079.3,10124.9
26-Oct-18,10122.35,10128.85,10004.55,10030
29-Oct-18,10078.1,10275.3,10020.35,10250.85
30-Oct-18,10239.4,10285.1,10175.35,10198.4
31-Oct-18,10209.55,10396,10105.1,10386.6
01-Nov-18,10441.7,10441.9,10341.9,10380.45
02-Nov-18,10462.3,10606.95,10457.7,10553
05-Nov-18,10558.75,10558.8,10477,10524
06-Nov-18,10552,10600.25,10491.45,10530
07-Nov-18,10614.45,10616.45,10582.3,10598.4
09-Nov-18,10614.7,10619.55,10544.85,10585.2
12-Nov-18,10607.8,10645.5,10464.05,10482.2
13-Nov-18,10451.9,10596.25,10440.55,10582.5
14-Nov-18,10634.9,10651.6,10532.7,10576.3
15-Nov-18,10580.6,10646.5,10557.5,10616.7
16-Nov-18,10644,10695.15,10631.15,10682.2
19-Nov-18,10731.25,10774.7,10688.8,10763.4
20-Nov-18,10740.1,10740.85,10640.85,10656.2
21-Nov-18,10670.95,10671.3,10562.35,10600.05
22-Nov-18,10612.65,10646.25,10512,10526.75
26-Nov-18,10568.3,10637.8,10489.75,10628.6
27-Nov-18,10621.45,10695.15,10596.35,10685.6
28-Nov-18,10708.75,10757.8,10699.85,10728.85
29-Nov-18,10808.7,10883.05,10782.35,10858.7
30-Nov-18,10892.1,10922.45,10835.1,10876.75
03-Dec-18,10930.7,10941.2,10845.35,10883.75
04-Dec-18,10877.1,10890.95,10833.35,10869.5
05-Dec-18,10820.45,10821.05,10747.95,10782.9
06-Dec-18,10718.15,10722.65,10588.25,10601.15
07-Dec-18,10644.8,10704.55,10599.35,10693.7
10-Dec-18,10508.7,10558.85,10474.95,10488.45
11-Dec-18,10350.05,10567.15,10333.85,10549.15
12-Dec-18,10591,10752.2,10560.8,10737.6
13-Dec-18,10810.75,10838.6,10749.5,10791.55
14-Dec-18,10784.5,10815.75,10752.1,10805.45
17-Dec-18,10853.2,10900.35,10844.85,10888.35
18-Dec-18,10850.9,10915.4,10819.1,10908.7
19-Dec-18,10930.55,10985.15,10928,10967.3
20-Dec-18,10885.2,10962.55,10880.05,10951.7
21-Dec-18,10944.25,10963.65,10738.65,10754
24-Dec-18,10780.9,10782.3,10649.25,10663.5
26-Dec-18,10635.45,10747.5,10534.55,10729.85
27-Dec-18,10817.9,10834.2,10764.45,10779.8
28-Dec-18,10820.95,10893.6,10817.15,10859.9
31-Dec-18,10913.2,10923.55,10853.2,10862.55
01-Jan-19,10881.7,10923.6,10807.1,10910.1
02-Jan-19,10868.85,10895.35,10735.05,10792.5
03-Jan-19,10796.8,10814.05,10661.25,10672.25
04-Jan-19,10699.7,10741.05,10628.65,10727.35
07-Jan-19,10804.85,10835.95,10750.15,10771.8
08-Jan-19,10786.25,10818.45,10733.25,10802.15
09-Jan-19,10862.4,10870.4,10749.4,10855.15
10-Jan-19,10859.35,10859.35,10801.8,10821.6
11-Jan-19,10834.75,10850.15,10739.4,10794.95
14-Jan-19,10807,10808,10692.35,10737.6
15-Jan-19,10777.55,10896.95,10777.55,10886.8
16-Jan-19,10899.65,10928.15,10876.9,10890.3
17-Jan-19,10920.85,10930.65,10844.65,10905.2
18-Jan-19,10914.85,10928.2,10852.2,10906.95
21-Jan-19,10919.35,10987.45,10885.75,10961.85
22-Jan-19,10949.8,10949.8,10864.15,10922.75
23-Jan-19,10931.05,10944.8,10811.95,10831.5
24-Jan-19,10844.05,10866.6,10798.65,10849.8
25-Jan-19,10859.75,10931.7,10756.45,10780.55
28-Jan-19,10792.45,10804.45,10630.95,10661.55
29-Jan-19,10653.7,10690.35,10583.65,10652.2
30-Jan-19,10702.25,10710.2,10612.85,10651.8
31-Jan-19,10690.55,10838.05,10678.55,10830.95
01-Feb-19,10851.35,10983.45,10813.45,10893.65
04-Feb-19,10876.75,10927.9,10814.15,10912.25
05-Feb-19,10908.65,10956.7,10886.7,10934.35
06-Feb-19,10965.1,11072.6,10962.7,11062.45
07-Feb-19,11070.45,11118.1,11043.6,11069.4
08-Feb-19,11023.5,11041.2,10925.45,10943.6
11-Feb-19,10930.9,10930.9,10857.1,10888.8
12-Feb-19,10879.7,10910.9,10823.8,10831.4
13-Feb-19,10870.55,10891.65,10772.1,10793.65
14-Feb-19,10786.1,10792.7,10718.75,10746.05
15-Feb-19,10780.25,10785.75,10620.4,10724.4
18-Feb-19,10738.65,10759.9,10628.4,10640.95
19-Feb-19,10636.7,10722.85,10585.65,10604.35
20-Feb-19,10655.45,10752.7,10646.4,10735.45
21-Feb-19,10744.1,10808.85,10721.5,10789.85
22-Feb-19,10782.7,10801.55,10758.4,10791.65
25-Feb-19,10813.25,10887.1,10788.05,10880.1
26-Feb-19,10775.3,10888.75,10729.3,10835.3
27-Feb-19,10881.2,10939.7,10751.2,10806.65
28-Feb-19,10865.7,10865.7,10784.85,10792.5
01-Mar-19,10842.65,10877.9,10823.1,10863.5
05-Mar-19,10864.85,10994.9,10817,10987.45
06-Mar-19,11024.85,11062.3,10998.85,11053
07-Mar-19,11077.95,11089.05,11027.1,11058.2
08-Mar-19,11038.85,11049,11008.95,11035.4
11-Mar-19,11068.75,11180.9,11059.85,11168.05
12-Mar-19,11231.35,11320.4,11227,11301.2
13-Mar-19,11326.2,11352.3,11276.6,11341.7
14-Mar-19,11382.5,11383.45,11313.75,11343.25
15-Mar-19,11376.85,11487,11370.8,11426.85
18-Mar-19,11473.85,11530.15,11412.5,11462.2
19-Mar-19,11500.3,11543.85,11451.25,11532.4
20-Mar-19,11553.35,11556.1,11503.1,11521.05
22-Mar-19,11549.2,11572.8,11434.55,11456.9
25-Mar-19,11395.65,11395.65,11311.6,11354.25
26-Mar-19,11375.2,11496.75,11352.45,11483.25
27-Mar-19,11531.45,11546.2,11413,11445.05
28-Mar-19,11463.65,11588.5,11452.45,11570
29-Mar-19,11625.45,11630.35,11570.15,11623.9
01-Apr-19,11665.2,11738.1,11644.75,11669.15
02-Apr-19,11711.55,11729.35,11655.85,11713.2
03-Apr-19,11735.3,11761,11629.15,11643.95
04-Apr-19,11660.2,11662.55,11559.2,11598
05-Apr-19,11638.4,11689.65,11609.5,11665.95
08-Apr-19,11704.35,11710.3,11549.1,11604.5
09-Apr-19,11612.05,11683.9,11569.7,11671.95
10-Apr-19,11646.85,11680.05,11571.75,11584.3
11-Apr-19,11592.55,11606.7,11550.55,11596.7
12-Apr-19,11612.85,11657.35,11578.8,11643.45
15-Apr-19,11667,11704.6,11648.25,11690.35
16-Apr-19,11736.2,11810.95,11731.55,11787.15
18-Apr-19,11856.15,11856.15,11738.5,11752.8
22-Apr-19,11727.05,11727.05,11583.95,11594.45
23-Apr-19,11612.95,11645.95,11564.8,11575.95
24-Apr-19,11601.5,11740.85,11578.85,11726.15
25-Apr-19,11735.7,11796.75,11624.3,11641.8
26-Apr-19,11683.75,11762.9,11661.75,11754.65
30-Apr-19,11748.75,11756.25,11655.9,11748.15
02-May-19,11725.55,11789.3,11699.55,11724.75
03-May-19,11722.6,11770.9,11699.35,11712.25
06-May-19,11605.8,11632.55,11571.35,11598.25
07-May-19,11651.5,11657.05,11484.45,11497.9
08-May-19,11478.7,11479.1,11346.95,11359.45
09-May-19,11322.4,11357.6,11255.05,11301.8
10-May-19,11314.15,11345.8,11251.05,11278.9
13-May-19,11258.7,11300.2,11125.6,11148.2
14-May-19,11151.65,11294.75,11108.3,11222.05
15-May-19,11271.7,11286.8,11136.95,11157
16-May-19,11180.35,11281.55,11143.35,11257.1
17-May-19,11261.9,11426.15,11259.85,11407.15
20-May-19,11651.9,11845.2,11591.7,11828.25
21-May-19,11863.65,11883.55,11682.8,11709.1
22-May-19,11727.95,11784.8,11682.4,11737.9
23-May-19,11901.3,12041.15,11614.5,11657.05
24-May-19,11748,11859,11658.1,11844.1
27-May-19,11855.5,11957.15,11812.4,11924.75
28-May-19,11958.35,11958.55,11864.9,11928.75
29-May-19,11905.8,11931.9,11836.8,11861.1
30-May-19,11865.3,11968.55,11859.4,11945.9
31-May-19,11999.8,12039.25,11829.45,11922.8
03-Jun-19,11953.75,12103.05,11920.1,12088.55
04-Jun-19,12052.65,12095.2,12005.85,12021.65
06-Jun-19,12039.8,12039.8,11830.25,11843.75
07-Jun-19,11865.2,11897.5,11769.5,11870.65
10-Jun-19,11934.9,11975.05,11871.75,11922.7
11-Jun-19,11959.85,12000.35,11904.35,11965.6
12-Jun-19,11962.45,11962.45,11866.35,11906.2
13-Jun-19,11873.9,11931.35,11817.05,11914.05
14-Jun-19,11910.1,11911.85,11797.7,11823.3
17-Jun-19,11844,11844.05,11657.75,11672.15
18-Jun-19,11677.05,11727.2,11641.15,11691.5
19-Jun-19,11744.45,11802.5,11625.1,11691.45
20-Jun-19,11653.65,11843.5,11635.05,11831.75
21-Jun-19,11827.6,11827.95,11705.1,11724.1
24-Jun-19,11725.8,11754,11670.2,11699.65
25-Jun-19,11681,11814.4,11651,11796.45
26-Jun-19,11768.15,11871.85,11757.55,11847.55
27-Jun-19,11860.85,11911.15,11821.05,11841.55
28-Jun-19,11861.15,11871.7,11775.5,11788.85
01-Jul-19,11839.9,11884.65,11830.8,11865.6
02-Jul-19,11890.3,11917.45,11814.7,11910.3
03-Jul-19,11932.15,11945.2,11887.05,11916.75
04-Jul-19,11928.8,11969.25,11923.65,11946.75
05-Jul-19,11964.75,11981.75,11797.9,11811.15
08-Jul-19,11770.4,11771.9,11523.3,11558.6
09-Jul-19,11531.6,11582.55,11461,11555.9
10-Jul-19,11536.15,11593.7,11475.65,11498.9
11-Jul-19,11561.45,11599,11519.5,11582.9
12-Jul-19,11601.15,11639.55,11538.6,11552.5
15-Jul-19,11614.75,11618.4,11532.3,11588.35
16-Jul-19,11596.65,11670.05,11573.95,11662.6
17-Jul-19,11670.75,11706.65,11651.15,11687.5
18-Jul-19,11675.6,11677.15,11582.4,11596.9
19-Jul-19,11627.95,11640.35,11399.3,11419.25
22-Jul-19,11392.85,11398.15,11301.25,11346.2
23-Jul-19,11372.25,11398.15,11302.8,11331.05
24-Jul-19,11322.45,11359.75,11229.8,11271.3
25-Jul-19,11290.4,11361.4,11239.35,11252.15
26-Jul-19,11247.45,11307.6,11210.05,11284.3
29-Jul-19,11307.5,11310.95,11152.4,11189.2
30-Jul-19,11213.7,11267.45,11072.65,11085.4
01-Aug-19,11060.2,11076.75,10881,10980
02-Aug-19,10930.3,11080.15,10848.95,10997.35
05-Aug-19,10895.8,10895.8,10782.6,10862.6
06-Aug-19,10815.4,11018.55,10813.8,10948.25
07-Aug-19,10958.1,10975.65,10835.9,10855.5
08-Aug-19,10899.2,11058.05,10842.95,11032.45
09-Aug-19,11087.9,11181.45,11062.8,11109.65
13-Aug-19,11139.4,11145.9,10901.6,10925.85
14-Aug-19,11003.25,11078.15,10935.6,11029.4
16-Aug-19,11043.65,11068.65,10924.3,11047.8
19-Aug-19,11094.8,11146.9,11037.85,11053.9
20-Aug-19,11063.9,11076.3,10985.3,11017
21-Aug-19,11018.15,11034.2,10906.65,10918.7
22-Aug-19,10905.3,10908.25,10718.3,10741.35
23-Aug-19,10699.6,10862.55,10637.15,10829.35
26-Aug-19,11000.3,11070.3,10756.55,11057.85
27-Aug-19,11106.55,11141.75,11049.5,11105.35
28-Aug-19,11101.3,11129.65,10987.65,11046.1
29-Aug-19,10996.05,11021.1,10922.4,10948.3
30-Aug-19,10987.8,11042.6,10874.8,11023.25
03-Sep-19,10960.95,10967.5,10772.7,10797.9
04-Sep-19,10790.4,10858.75,10746.35,10844.65
05-Sep-19,10860.95,10920.1,10816,10847.9
06-Sep-19,10883.8,10957.05,10867.45,10946.2
09-Sep-19,10936.7,11028.85,10889.8,11003.05
11-Sep-19,11028.5,11054.8,11011.65,11035.7
12-Sep-19,11058.3,11081.75,10964.95,10982.8
13-Sep-19,10986.8,11084.45,10945.75,11075.9
16-Sep-19,10994.85,11052.7,10968.2,11003.5
17-Sep-19,11000.1,11000.1,10796.5,10817.6
18-Sep-19,10872.8,10885.15,10804.85,10840.65
19-Sep-19,10845.2,10845.2,10670.25,10704.8
24-Sep-19,11590.7,11655.05,11539.2,11588.2
25-Sep-19,11564.85,11564.95,11416.1,11440.2
26-Sep-19,11469.85,11610.85,11466.35,11571.2
27-Sep-19,11556.35,11593.6,11499.75,11512.4
30-Sep-19,11491.15,11508.25,11390.8,11474.45
01-Oct-19,11515.4,11554.2,11247.9,11359.9
03-Oct-19,11322.25,11370.4,11257.35,11314
04-Oct-19,11388.45,11400.3,11158.35,11174.75
07-Oct-19,11196.2,11233.85,11112.65,11126.4
09-Oct-19,11152.95,11321.6,11090.15,11313.3
10-Oct-19,11280.5,11293.35,11208.55,11234.55
11-Oct-19,11257.7,11362.9,11189.4,11305.05
14-Oct-19,11335.9,11420.45,11290.05,11341.15
15-Oct-19,11360.85,11462.35,11342.1,11428.3
16-Oct-19,11464.95,11481.05,11411.1,11464
17-Oct-19,11466.3,11599.1,11439.65,11586.35
18-Oct-19,11580.3,11684.7,11553.15,11661.85
22-Oct-19,11657.15,11714.35,11573.65,11588.35
23-Oct-19,11596.2,11651.6,11554.4,11604.1
24-Oct-19,11661.65,11679.6,11534.65,11582.6
25-Oct-19,11646.15,11646.9,11490.75,11583.9
27-Oct-19,11662.25,11672.4,11604.6,11627.15
29-Oct-19,11643.95,11809.4,11627.35,11786.85
30-Oct-19,11883.9,11883.95,11784.45,11844.1
31-Oct-19,11890.45,11945,11855.1,11877.45
04-Nov-19,11928.9,11989.15,11905.35,11941.3
05-Nov-19,11974.6,11978.95,11861.9,11917.2
06-Nov-19,11911.5,12002.9,11850.25,11966.05
07-Nov-19,12021.1,12021.4,11946.85,12012.05
08-Nov-19,11987.15,12034.15,11888.75,11908.15
11-Nov-19,11879.2,11932.65,11853.95,11913.45
13-Nov-19,11908.3,11946.8,11823.2,11840.45
14-Nov-19,11858.75,11895.65,11802.65,11872.1
15-Nov-19,11904.2,11973.65,11879.25,11895.45
18-Nov-19,11915.15,11946.2,11867.6,11884.5
19-Nov-19,11919.45,11958.85,11881.75,11940.1
20-Nov-19,12004.75,12038.6,11966.05,11999.1
21-Nov-19,12025.65,12028.2,11956.9,11968.4
22-Nov-19,11967.3,11968.1,11883.5,11914.4
25-Nov-19,11922.45,12084.5,11919.75,12073.75
26-Nov-19,12110.2,12132.45,12006.35,12037.7
27-Nov-19,12068.5,12114.9,12055.15,12100.7
28-Nov-19,12132.1,12158.8,12099.95,12151.15
29-Nov-19,12146.2,12147.4,12017.4,12056.05
02-Dec-19,12137.05,12137.15,12023.7,12048.2
06-Dec-19,12047.35,12057.05,11888.85,11921.5
12-Dec-19,11944.3,12005.5,11934,11971.8
13-Dec-19,12026.4,12098.85,12023.6,12086.7
16-Dec-19,12131.35,12134.65,12046.3,12053.95
